"Agency Name","State Name [District] Latest available year","Agency ID - NCES Assigned [District] Latest available year","County Name [District] 2013-14","County Number [District] 2013-14","ANSI/FIPS State Code [District] Latest available year","Total Number Operational Schools [Public School] 2013-14","Location Address [District] 2013-14","Location City [District] 2013-14","Location State Abbr [District] 2013-14","Location ZIP [District] 2013-14","Location ZIP4 [District] 2013-14","Mailing Address [District] 2013-14","Mailing City [District] 2013-14","Mailing State Abbr [District] 2013-14","Mailing ZIP [District] 2013-14","Mailing ZIP4 [District] 2013-14","Phone Number [District] 2013-14","Agency Type [District] 2013-14","Latitude [District] 2013-14","Longitude [District] 2013-14","State Agency ID [District] 2013-14","Lowest Grade Offered [District] 2013-14","Highest Grade Offered [District] 2013-14","State Name [District] 2013-14","Total Students (UG, PK-12) [District] 2013-14"
"ABERDEEN SCHOOL DISTRICT 06-1","South Dakota","4602070","BROWN COUNTY","46013","46","10","1224 3RD ST SOUTH","ABERDEEN","SD ","57401","6920","1224 3RD ST S","ABERDEEN","SD ","57401","6920","6057257111","1-Local school district","45.452500","-98.492400","06001","Kindergarten","12th Grade","South Dakota","4237"
"AGAR-BLUNT-ONIDA SCHOOL DISTRICT 58-3","South Dakota","4600042","SULLY COUNTY","46119","46","4","500 8TH ST","ONIDA","SD ","57564","0205","PO BOX 205","ONIDA","SD ","57564","0205","6052582618","1-Local school district","44.702900","-100.064400","58003","Prekindergarten","12th Grade","South Dakota","275"
"ALCESTER-HUDSON SCHOOL DISTRICT 61-1","South Dakota","4600028","UNION COUNTY","46127","46","3","102 EAST 5TH","ALCESTER","SD ","57001","0198","PO BOX 198","ALCESTER","SD ","57001","0198","6059341890","1-Local school district","43.024800","-96.630800","61001","Prekindergarten","12th Grade","South Dakota","337"
"ANDES CENTRAL SCHOOL DISTRICT 11-1","South Dakota","4639540","CHARLES MIX COUNTY","46023","46","4","400 SCHOOL ST","LAKE ANDES","SD ","57356","0040","PO BOX 40","LAKE ANDES","SD ","57356","0040","6054877671","1-Local school district","43.159700","-98.540000","11001","Prekindergarten","12th Grade","South Dakota","363"
"ARLINGTON SCHOOL DISTRICT 38-1","South Dakota","4603720","KINGSBURY COUNTY","46077","46","3","306 SOUTH MAIN","ARLINGTON","SD ","57212","2074","PO BOX 359","ARLINGTON","SD ","57212","2074","6059835597","1-Local school district","44.361600","-97.137100","38001","Prekindergarten","12th Grade","South Dakota","303"
"ARMOUR SCHOOL DISTRICT 21-1","South Dakota","4603780","DOUGLAS COUNTY","46043","46","3","604 3RD ST","ARMOUR","SD ","57313","0640","PO BOX 640","ARMOUR","SD ","57313","0640","6057242698","1-Local school district","43.319900","-98.347700","21001","Prekindergarten","12th Grade","South Dakota","166"
"AVON SCHOOL DISTRICT 04-1","South Dakota","4604270","BON HOMME COUNTY","46009","46","4","210 PINE ST","AVON","SD ","57315","0407","PO BOX 407","AVON","SD ","57315","0407","6052863291","1-Local school district","43.005200","-98.057300","04001","Prekindergarten","12th Grade","South Dakota","273"
"BALTIC SCHOOL DISTRICT 49-1","South Dakota","4604680","MINNEHAHA COUNTY","46099","46","3","ONE BULLDOG AVE","BALTIC","SD ","57003","0309","PO BOX 309","BALTIC","SD ","57003","0309","6055295464","1-Local school district","43.759000","-96.733600","49001","Prekindergarten","12th Grade","South Dakota","463"
"BELLE FOURCHE SCHOOL DISTRICT 09-1","South Dakota","4605610","BUTTE COUNTY","46019","46","5","2305 13TH AVE","BELLE FOURCHE","SD ","57717","2404","2305 13TH AVE","BELLE FOURCHE","SD ","57717","2404","6057233355","1-Local school district","44.648800","-103.841900","09001","Kindergarten","12th Grade","South Dakota","1404"
"BENNETT COUNTY SCHOOL DISTRICT 03-1","South Dakota","4606240","BENNETT COUNTY","46007","46","3","402 2ND AVE","MARTIN","SD ","57551","0580","PO BOX 580","MARTIN","SD ","57551","0580","6056856112","1-Local school district","43.176700","-101.733400","03001","Prekindergarten","12th Grade","South Dakota","504"
"BERESFORD SCHOOL DISTRICT 61-2","South Dakota","4606360","UNION COUNTY","46127","46","3","301 WEST MAPLE ST","BERESFORD","SD ","57004","2160","301 W MAPLE ST","BERESFORD","SD ","57004","2160","6057634293","1-Local school district","43.076300","-96.777000","61002","Kindergarten","12th Grade","South Dakota","649"
"BIG STONE CITY SCHOOL DISTRICT 25-1","South Dakota","4606960","GRANT COUNTY","46051","46","3","655 WALNUT ST","BIG STONE CITY","SD ","57216","2146","655 WALNUT ST","BIG STONE CITY","SD ","57216","2146","6058628108","1-Local school district","45.294200","-96.465000","25001","Prekindergarten","12th Grade","South Dakota","146"
"BISON SCHOOL DISTRICT 52-1","South Dakota","4607050","PERKINS COUNTY","46105","46","3","200 EAST CARR ST","BISON","SD ","57620","0009","PO BOX 9","BISON","SD ","57620","0009","6052445271","1-Local school district","45.524300","-102.463300","52001","Kindergarten","12th Grade","South Dakota","143"
"BLACK HILLS SPECIAL SERVICES COOPERATIVE","South Dakota","4680120","MEADE COUNTY","46093","46","2","2885 DICKSON DR","STURGIS","SD ","57785","0218","PO BOX 218","STURGIS","SD ","57785","0218","6053474467","4-Regional education services agency","44.392800","-103.501600","40201","Prekindergarten","12th Grade","South Dakota","63"
"BON HOMME SCHOOL DISTRICT 04-2","South Dakota","4607400","BON HOMME COUNTY","46009","46","8","1404 FIR ST","TYNDALL","SD ","57066","0028","PO BOX 28","TYNDALL","SD ","57066","0028","6055893388","1-Local school district","42.989300","-97.868200","04002","Prekindergarten","12th Grade","South Dakota","553"
"BOWDLE SCHOOL DISTRICT 22-1","South Dakota","4607800","EDMUNDS COUNTY","46045","46","3","3083 2ND AVE","BOWDLE","SD ","57428","0563","PO BOX 563","BOWDLE","SD ","57428","0563","6052856272","1-Local school district","45.450800","-99.652300","22001","Kindergarten","12th Grade","South Dakota","128"
"BRANDON VALLEY SCHOOL DISTRICT 49-2","South Dakota","4607950","MINNEHAHA COUNTY","46099","46","6","300 SOUTH SPLITROCK BLVD","BRANDON","SD ","57005","1651","300 S SPLITROCK BLVD","BRANDON","SD ","57005","1651","6055822049","1-Local school district","43.592000","-96.571300","49002","Prekindergarten","12th Grade","South Dakota","3549"
"BRIDGEWATER-EMERY 30-3","South Dakota","4621420","MCCOOK COUNTY","46087","46","4","510 NORTH MAIN","BRIDGEWATER","SD ","57319","0350","PO BOX 350","BRIDGEWATER","SD ","57319","0350","6057292541","1-Local school district","43.552900","-97.502200","30003","Kindergarten","12th Grade","South Dakota","332"
"BRITTON-HECLA SCHOOL DISTRICT 45-4","South Dakota","4600041","MARSHALL COUNTY","46091","46","5","759 5TH ST","BRITTON","SD ","57430","0190","PO BOX 190","BRITTON","SD ","57430","0190","6054482234","1-Local school district","45.794400","-97.750900","45004","Prekindergarten","12th Grade","South Dakota","460"
"BROOKINGS SCHOOL DISTRICT 05-1","South Dakota","4608520","BROOKINGS COUNTY","46011","46","5","2130 8TH ST SOUTH","BROOKINGS","SD ","57006","3507","2130 8TH ST S","BROOKINGS","SD ","57006","3507","6056964700","1-Local school district","44.296600","-96.769000","05001","Kindergarten","12th Grade","South Dakota","3182"
"BURKE SCHOOL DISTRICT 26-2","South Dakota","4609512","GREGORY COUNTY","46053","46","3","900 WASHINGTON ST","BURKE","SD ","57523","0382","PO BOX 382","BURKE","SD ","57523","0382","6057752644","1-Local school district","43.181400","-99.290700","26002","Prekindergarten","12th Grade","South Dakota","211"
"CANISTOTA SCHOOL DISTRICT 43-1","South Dakota","4610320","MCCOOK COUNTY","46087","46","3","431 4TH AVE","CANISTOTA","SD ","57012","0008","PO BOX 8","CANISTOTA","SD ","57012","0008","6052963458","1-Local school district","43.597300","-97.294200","43001","Kindergarten","12th Grade","South Dakota","216"
"CANTON SCHOOL DISTRICT 41-1","South Dakota","4610560","LINCOLN COUNTY","46083","46","3","800 NORTH MAIN","CANTON","SD ","57013","1299","800 N MAIN","CANTON","SD ","57013","1299","6057642706","1-Local school district","43.307600","-96.591500","41001","Kindergarten","12th Grade","South Dakota","850"
"CASTLEWOOD SCHOOL DISTRICT 28-1","South Dakota","4611280","HAMLIN COUNTY","46057","46","4","310 EAST HARRY ST","CASTLEWOOD","SD ","57223","2063","310 E HARRY ST","CASTLEWOOD","SD ","57223","2063","6057932497","1-Local school district","44.724900","-97.028600","28001","Prekindergarten","12th Grade","South Dakota","266"
"CENTERVILLE SCHOOL DISTRICT 60-1","South Dakota","4611760","TURNER COUNTY","46125","46","3","610 LINCOLN ST","CENTERVILLE","SD ","57014","0100","PO BOX 100","CENTERVILLE","SD ","57014","0100","6055632291","1-Local school district","43.118300","-96.957200","60001","Prekindergarten","12th Grade","South Dakota","247"
"CHAMBERLAIN SCHOOL DISTRICT 07-1","South Dakota","4612000","BRULE COUNTY","46015","46","4","301 EAST KELLAM AVE","CHAMBERLAIN","SD ","57325","0119","PO BOX 119","CHAMBERLAIN","SD ","57325","0119","6052344477","1-Local school district","43.806900","-99.329900","07001","Kindergarten","12th Grade","South Dakota","902"
"CHESTER AREA SCHOOL DISTRICT 39-1","South Dakota","4612300","LAKE COUNTY","46079","46","6","102 2ND AVE","CHESTER","SD ","57016","0159","PO BOX 159","CHESTER","SD ","57016","0159","6054892416","1-Local school district","43.901200","-96.928900","39001","Prekindergarten","12th Grade","South Dakota","618"
"CLARK SCHOOL DISTRICT 12-2","South Dakota","4612940","CLARK COUNTY","46025","46","6","220 NORTH CLINTON","CLARK","SD ","57225","1318","220 N CLINTON","CLARK","SD ","57225","1318","6055323603","1-Local school district","44.879000","-97.741600","12002","Prekindergarten","12th Grade","South Dakota","391"
"COLMAN-EGAN SCHOOL DISTRICT 50-5","South Dakota","4614100","MOODY COUNTY","46101","46","3","200 SOUTH LOBAN","COLMAN","SD ","57017","0239","PO BOX I","COLMAN","SD ","57017","0239","6055343534","1-Local school district","43.981300","-96.810100","50005","Prekindergarten","12th Grade","South Dakota","246"
"COLOME CONSOLIDATED 59-3","South Dakota","4614130","TRIPP COUNTY","46123","46","5","105 CARR ST","COLOME","SD ","57528","0367","PO BOX 367","COLOME","SD ","57528","0367","6058421624","1-Local school district","43.262000","-99.718200","59003","Kindergarten","12th Grade","South Dakota","250"
"CORNBELT EDUCATIONAL COOPERATIVE","South Dakota","4616150","MINNEHAHA COUNTY","46099","46","0","715 EAST 14TH ST","SIOUX FALLS","SD ","57104","5151","715 E 14TH ST","SIOUX FALLS","SD ","57104","5151","6052710218","4-Regional education services agency","43.541500","-96.717300","60201","†","†","South Dakota","†"
"CORRECTIONAL FACILITIES","South Dakota","4680443","HUGHES COUNTY","46065","46","0","801 GOVERNORS DR","PIERRE","SD ","57501","2294","800 GOVERNORS DRIVE","PIERRE","SD ","57501","2294","6057733248","5-State-operated institution","44.373800","-100.339200","90090","†","†","South Dakota","†"
"CORSICA SCHOOL DISTRICT 21-2","South Dakota","4616230","DOUGLAS COUNTY","46043","46","3","120 SOUTH NAPOLEON AVE","CORSICA","SD ","57328","2270","120 S NAPOLEON AVE","CORSICA","SD ","57328","2270","6059465475","1-Local school district","43.423400","-98.400600","21002","Prekindergarten","12th Grade","South Dakota","153"
"CUSTER SCHOOL DISTRICT 16-1","South Dakota","4616950","CUSTER COUNTY","46033","46","4","527 MONTGOMERY ST","CUSTER","SD ","57730","1411","527 MONTGOMERY ST","CUSTER","SD ","57730","1411","6056733154","1-Local school district","43.770000","-103.601400","16001","Prekindergarten","12th Grade","South Dakota","858"
"DAKOTA VALLEY SCHOOL DISTRICT 61-8","South Dakota","4636990","UNION COUNTY","46127","46","4","1150 NORTHSHORE DR","NORTH SIOUX CITY","SD ","57049","4080","1150 NORTHSHORE DR","NORTH SIOUX CITY","SD ","57049","4080","6054223800","1-Local school district","42.546500","-96.529300","61008","Kindergarten","12th Grade","South Dakota","1235"
"DE SMET SCHOOL DISTRICT 38-2","South Dakota","4617850","KINGSBURY COUNTY","46077","46","3","405 SW 3RD AVE","DE SMET","SD ","57231","0157","PO BOX 157","DE SMET","SD ","57231","0157","6058543423","1-Local school district","44.384900","-97.554500","38002","Kindergarten","12th Grade","South Dakota","314"
"DELL RAPIDS SCHOOL DISTRICT 49-3","South Dakota","4618120","MINNEHAHA COUNTY","46099","46","3","1216 NORTH GARFIELD","DELL RAPIDS","SD ","57022","1099","1216 N GARFIELD","DELL RAPIDS","SD ","57022","1099","6054285473","1-Local school district","43.832400","-96.701200","49003","Kindergarten","12th Grade","South Dakota","906"
"DEUBROOK AREA SCHOOL DISTRICT 05-6","South Dakota","4678300","BROOKINGS COUNTY","46011","46","5","100 SCHOOL AVE","WHITE","SD ","57276","0346","PO BOX 346","WHITE","SD ","57276","0346","6056291100","1-Local school district","44.434700","-96.649800","05006","Prekindergarten","12th Grade","South Dakota","377"
"DEUEL SCHOOL DISTRICT 19-4","South Dakota","4600036","DEUEL COUNTY","46039","46","3","410 5TH ST WEST","CLEAR LAKE","SD ","57226","0770","PO BOX 770","CLEAR LAKE","SD ","57226","0770","6058742161","1-Local school district","44.754700","-96.684900","19004","Prekindergarten","12th Grade","South Dakota","535"
"DOLAND SCHOOL DISTRICT 56-2","South Dakota","4619170","SPINK COUNTY","46115","46","6","405 NORTH HUMPHREY DR","DOLAND","SD ","57436","0385","PO BOX 385","DOLAND","SD ","57436","0385","6056356302","1-Local school district","44.897300","-98.102400","56002","Prekindergarten","12th Grade","South Dakota","166"
"DOUGLAS SCHOOL DISTRICT 51-1","South Dakota","4619410","PENNINGTON COUNTY","46103","46","6","400 PATRIOT DR","BOX ELDER","SD ","57719","9749","400 PATRIOT DR","BOX ELDER","SD ","57719","9749","6059230000","1-Local school district","44.134300","-103.065900","51001","Prekindergarten","12th Grade","South Dakota","2703"
"DSS FACILITIES","South Dakota","4680442","HUGHES COUNTY","46065","46","0","800 GOVERNORS DR","PIERRE","SD ","57501","2294","800 GOVERNORS DRIVE","PIERRE","SD ","57501","2294","6057733248","5-State-operated institution","44.373800","-100.339200","68302","†","†","South Dakota","†"
"DUPREE SCHOOL DISTRICT 64-2","South Dakota","4619450","ZIEBACH COUNTY","46137","46","3","B ST","DUPREE","SD ","57623","0010","PO BOX 10","DUPREE","SD ","57623","0010","6053655140","1-Local school district","45.047100","-101.599500","64002","Prekindergarten","12th Grade","South Dakota","391"
"EAGLE BUTTE SCHOOL DISTRICT 20-1","South Dakota","4620100","ZIEBACH COUNTY","46137","46","5","24 WEST PRAIRIE RD","EAGLE BUTTE","SD ","57625","0260","PO BOX 260","EAGLE BUTTE","SD ","57625","0260","6059644911","1-Local school district","44.992400","-101.236900","20001","Kindergarten","12th Grade","South Dakota","331"
"EAST DAKOTA EDUCATIONAL COOPERATIVE","South Dakota","4600027","MINNEHAHA COUNTY","46099","46","2","715 EAST 14TH ST","SIOUX FALLS","SD ","57104","5151","715 E 14TH ST","SIOUX FALLS","SD ","57104","5151","6053677680","4-Regional education services agency","43.540900","-96.717200","49203","Kindergarten","12th Grade","South Dakota","52"
"EDGEMONT SCHOOL DISTRICT 23-1","South Dakota","4620850","FALL RIVER COUNTY","46047","46","2","715 MOGUL WAY","EDGEMONT","SD ","57735","0029","PO BOX 29","EDGEMONT","SD ","57735","0029","6056627254","1-Local school district","43.300900","-103.828200","23001","Prekindergarten","12th Grade","South Dakota","163"
"EDMUNDS CENTRAL SCHOOL DISTRICT 22-5","South Dakota","4634440","EDMUNDS COUNTY","46045","46","3","105 1ST AVE","ROSCOE","SD ","57471","0317","PO BOX 317","ROSCOE","SD ","57471","0317","6052874251","1-Local school district","45.452300","-99.338800","22005","Kindergarten","12th Grade","South Dakota","133"
"ELK MOUNTAIN SCHOOL DISTRICT 16-2","South Dakota","4621300","CUSTER COUNTY","46033","46","2","10222 VALLEY RD","EDGEMONT","SD ","57735","5010","10222 VALLEY RD","DEWEY","SD ","57735","5010","6056732683","1-Local school district","43.693300","-104.010900","16002","Prekindergarten","12th Grade","South Dakota","12"
"ELK POINT-JEFFERSON SCHOOL DISTRICT 61-7","South Dakota","4621340","UNION COUNTY","46127","46","3","402 SOUTH DOUGLAS ST","ELK POINT","SD ","57025","0578","PO BOX 578","ELK POINT","SD ","57025","0578","6053565951","1-Local school district","42.683500","-96.687100","61007","Prekindergarten","12th Grade","South Dakota","702"
"ELKTON SCHOOL DISTRICT 05-3","South Dakota","4621390","BROOKINGS COUNTY","46011","46","5","508 SOUTH BUFFALO ST","ELKTON","SD ","57026","0190","PO BOX 190","ELKTON","SD ","57026","0190","6055425361","1-Local school district","44.230600","-96.482200","05003","Prekindergarten","12th Grade","South Dakota","335"
"ESTELLINE SCHOOL DISTRICT 28-2","South Dakota","4622410","HAMLIN COUNTY","46057","46","3","708 DAVIS","ESTELLINE","SD ","57234","0306","PO BOX 306","ESTELLINE","SD ","57234","0306","6058732201","1-Local school district","44.576700","-96.896700","28002","Prekindergarten","12th Grade","South Dakota","270"
"ETHAN SCHOOL DISTRICT 17-1","South Dakota","4622500","DAVISON COUNTY","46035","46","3","320 SOUTH 2ND ST","ETHAN","SD ","57334","0169","PO BOX 169","ETHAN","SD ","57334","0169","6052274211","1-Local school district","43.545200","-97.985300","17001","Prekindergarten","12th Grade","South Dakota","259"
"EUREKA SCHOOL DISTRICT 44-1","South Dakota","4622560","MCPHERSON COUNTY","46089","46","3","706 9TH ST","EUREKA","SD ","57437","0010","PO BOX 10","EUREKA","SD ","57437","0010","6052842875","1-Local school district","45.769400","-99.622700","44001","Prekindergarten","12th Grade","South Dakota","158"
"FAITH SCHOOL DISTRICT 46-2","South Dakota","4622940","MEADE COUNTY","46093","46","5","503 SOUTH 2ND AVE WEST","FAITH","SD ","57626","0619","PO BOX 619","FAITH","SD ","57626","0619","6059672152","1-Local school district","45.019000","-102.041400","46002","Prekindergarten","12th Grade","South Dakota","198"
"FAULKTON AREA SCHOOLS 24-4","South Dakota","4624030","FAULK COUNTY","46049","46","7","1114 COURT ST","FAULKTON","SD ","57438","0308","PO BOX 308","FAULKTON","SD ","57438","0308","6055986266","1-Local school district","45.033900","-99.128900","24004","Prekindergarten","12th Grade","South Dakota","322"
"FLANDREAU SCHOOL DISTRICT 50-3","South Dakota","4624390","MOODY COUNTY","46101","46","4","600 WEST COMMUNITY DR","FLANDREAU","SD ","57028","1098","600 W COMMUNITY DR","FLANDREAU","SD ","57028","1098","6059973263","1-Local school district","44.051300","-96.603700","50003","Kindergarten","12th Grade","South Dakota","637"
"FLORENCE SCHOOL DISTRICT 14-1","South Dakota","4624540","CODINGTON COUNTY","46029","46","3","515 MAIN AVE","FLORENCE","SD ","57235","0066","PO BOX 66","FLORENCE","SD ","57235","0066","6057582412","1-Local school district","45.054600","-97.329700","14001","Prekindergarten","12th Grade","South Dakota","224"
"FREDERICK AREA SCHOOL DISTRICT 06-2","South Dakota","4621400","BROWN COUNTY","46013","46","3","202 EAST MAIN ST","FREDERICK","SD ","57441","0486","PO BOX 486","FREDERICK","SD ","57441","0486","6053292145","1-Local school district","45.832400","-98.502300","06002","Kindergarten","12th Grade","South Dakota","174"
"FREEMAN SCHOOL DISTRICT 33-1","South Dakota","4625500","HUTCHINSON COUNTY","46067","46","5","1001 SOUTH WIPF ST","FREEMAN","SD ","57029","0220","PO BOX 220","FREEMAN","SD ","57029","0220","6059254214","1-Local school district","43.346700","-97.430300","33001","Kindergarten","12th Grade","South Dakota","336"
"GARRETSON SCHOOL DISTRICT 49-4","South Dakota","4626370","MINNEHAHA COUNTY","46099","46","3","505 2ND ST","GARRETSON","SD ","57030","0381","PO BOX C","GARRETSON","SD ","57030","0381","6055943451","1-Local school district","43.714300","-96.504000","49004","Prekindergarten","12th Grade","South Dakota","519"
"GAYVILLE-VOLIN SCHOOL DISTRICT 63-1","South Dakota","4626490","YANKTON COUNTY","46135","46","3","100 KINGSBURY","GAYVILLE","SD ","57031","0158","PO BOX 158","GAYVILLE","SD ","57031","0158","6052674476","1-Local school district","42.893400","-97.173300","63001","Prekindergarten","12th Grade","South Dakota","315"
"GETTYSBURG SCHOOL DISTRICT 53-1","South Dakota","4626970","POTTER COUNTY","46107","46","3","100 EAST KING AVE","GETTYSBURG","SD ","57442","1799","100 E KING AVE","GETTYSBURG","SD ","57442","1799","6057652438","1-Local school district","45.008100","-99.955500","53001","Kindergarten","12th Grade","South Dakota","262"
"GRANT-DEUEL SCHOOL DISTRICT 25-3","South Dakota","4629340","GRANT COUNTY","46051","46","4","16370 482ND AVE","REVILLO","SD ","57259","9603","16370 482ND AVE","REVILLO","SD ","57259","9603","6056234241","1-Local school district","45.020800","-96.558200","25003","Prekindergarten","12th Grade","South Dakota","113"
"GREGORY SCHOOL DISTRICT 26-4","South Dakota","4629880","GREGORY COUNTY","46053","46","3","505 LOGAN","GREGORY","SD ","57533","0438","PO BOX 438","GREGORY","SD ","57533","0438","6058359651","1-Local school district","43.231600","-99.422600","26004","Kindergarten","12th Grade","South Dakota","378"
"GROTON AREA SCHOOL DISTRICT 06-6","South Dakota","4600045","BROWN COUNTY","46013","46","3","406 NORTH 2ND ST","GROTON","SD ","57445","0410","PO BOX 410","GROTON","SD ","57445","0410","6053972351","1-Local school district","45.453500","-98.102400","06006","Prekindergarten","12th Grade","South Dakota","605"
"HAAKON SCHOOL DISTRICT 27-1","South Dakota","4630490","HAAKON COUNTY","46055","46","5","330 SCOTTIE AVE","PHILIP","SD ","57567","0730","PO BOX 730","PHILIP","SD ","57567","0730","6058592679","1-Local school district","44.043300","-101.668500","27001","Kindergarten","12th Grade","South Dakota","298"
"HAMLIN SCHOOL DISTRICT 28-3","South Dakota","4630800","HAMLIN COUNTY","46057","46","3","44577 188TH ST","HAYTI","SD ","57241","5408","44577 188TH ST","HAYTI","SD ","57241","5408","6057833631","1-Local school district","44.659000","-97.293600","28003","Prekindergarten","12th Grade","South Dakota","768"
"HANSON SCHOOL DISTRICT 30-1","South Dakota","4602640","HANSON COUNTY","46061","46","6","230 6TH ST","ALEXANDRIA","SD ","57311","0490","PO BOX 490","ALEXANDRIA","SD ","57311","0490","6052394387","1-Local school district","43.655500","-97.785100","30001","Prekindergarten","12th Grade","South Dakota","434"
"HARDING COUNTY SCHOOL DISTRICT 31-1","South Dakota","4609300","HARDING COUNTY","46063","46","5","12474 TIPPERARY ST","BUFFALO","SD ","57720","0367","PO BOX 367","BUFFALO","SD ","57720","0367","6053753241","1-Local school district","45.584900","-103.546600","31001","Kindergarten","12th Grade","South Dakota","180"
"HARRISBURG SCHOOL DISTRICT 41-2","South Dakota","4631350","LINCOLN COUNTY","46083","46","8","200 WILLOW ST","HARRISBURG","SD ","57032","0187","PO BOX 187","HARRISBURG","SD ","57032","0187","6057432567","1-Local school district","43.432100","-96.699600","41002","Prekindergarten","12th Grade","South Dakota","3282"
"HENRY SCHOOL DISTRICT 14-2","South Dakota","4632340","CODINGTON COUNTY","46029","46","3","111 NORTH CEDAR","HENRY","SD ","57243","0008","PO BOX 8","HENRY","SD ","57243","0008","6055325364","1-Local school district","44.880700","-97.461800","14002","Prekindergarten","12th Grade","South Dakota","189"
"HERREID SCHOOL DISTRICT 10-1","South Dakota","4632430","CAMPBELL COUNTY","46021","46","3","302 MAIN ST NORTH","HERREID","SD ","57632","0276","PO BOX 276","HERREID","SD ","57632","0276","6054372263","1-Local school district","45.840500","-100.069200","10001","Kindergarten","12th Grade","South Dakota","120"
"HIGHMORE-HARROLD 34-2","South Dakota","4680440","HYDE COUNTY","46069","46","3","415 IOWA AVE SOUTH","HIGHMORE","SD ","57345","0416","PO BOX 416","HIGHMORE","SD ","57345","0416","6058522275","1-Local school district","44.521600","-99.441600","34002","Prekindergarten","12th Grade","South Dakota","266"
"HILL CITY SCHOOL DISTRICT 51-2","South Dakota","4633360","PENNINGTON COUNTY","46103","46","3","488 MAIN ST","HILL CITY","SD ","57745","0659","PO BOX 659","HILL CITY","SD ","57745","0659","6055743030","1-Local school district","43.928700","-103.575900","51002","Prekindergarten","12th Grade","South Dakota","520"
"HITCHCOCK TULARE SCHOOL DISTRICT 56-6","South Dakota","4600046","SPINK COUNTY","46115","46","5","401 4TH AVE","TULARE","SD ","57476","0108","PO BOX 108","TULARE","SD ","57476","0108","6052662151","1-Local school district","44.738100","-98.509800","56006","Kindergarten","12th Grade","South Dakota","206"
"HOT SPRINGS SCHOOL DISTRICT 23-2","South Dakota","4634480","FALL RIVER COUNTY","46047","46","3","1609 UNIVERSITY AVE","HOT SPRINGS","SD ","57747","2126","1609 UNIVERSITY AVE","HOT SPRINGS","SD ","57747","2126","6057454145","1-Local school district","43.429900","-103.480800","23002","Prekindergarten","12th Grade","South Dakota","824"
"HOVEN SCHOOL DISTRICT 53-2","South Dakota","4634600","POTTER COUNTY","46107","46","3","335 SOUTH MAIN ST","HOVEN","SD ","57450","0128","PO BOX 128","HOVEN","SD ","57450","0128","6059482252","1-Local school district","45.242000","-99.777100","53002","Prekindergarten","12th Grade","South Dakota","108"
"HOWARD SCHOOL DISTRICT 48-3","South Dakota","4600025","MINER COUNTY","46097","46","4","500 NORTH SECTION LINE","HOWARD","SD ","57349","0069","500 N SECTION LINE","HOWARD","SD ","57349","0069","6057725515","1-Local school district","44.016600","-97.530400","48003","Kindergarten","12th Grade","South Dakota","368"
"HUB AREA MULTI-DISTRICT","South Dakota","4680150","BROWN COUNTY","46013","46","1","640 9TH AVE SW","ABERDEEN","SD ","57401","5896","640 9TH AVE SW","ABERDEEN","SD ","57401","5896","6057257800","4-Regional education services agency","45.457100","-98.498700","06202","9th Grade","12th Grade","South Dakota","–"
"HURON SCHOOL DISTRICT 02-2","South Dakota","4635480","BEADLE COUNTY","46005","46","7","150 5TH ST SW","HURON","SD ","57350","0949","PO BOX 949","HURON","SD ","57350","0949","6053536990","1-Local school district","44.360800","-98.217100","02002","Kindergarten","12th Grade","South Dakota","2301"
"IPSWICH PUBLIC SCHOOL DISTRICT 22-6","South Dakota","4636060","EDMUNDS COUNTY","46045","46","6","211 5TH ST","IPSWICH","SD ","57451","0306","PO BOX 306","IPSWICH","SD ","57451","0306","6054266561","1-Local school district","45.445500","-99.030800","22006","Prekindergarten","12th Grade","South Dakota","397"
"IRENE - WAKONDA SCHOOL DISTRICT 13-3","South Dakota","4680439","TURNER COUNTY","46125","46","3","130 EAST STATE","IRENE","SD ","57037","0005","PO BOX 5","IRENE","SD ","57037","0005","6052633311","1-Local school district","43.085200","-97.157400","13003","Prekindergarten","12th Grade","South Dakota","321"
"IROQUOIS SCHOOL DISTRICT 02-3","South Dakota","4636150","KINGSBURY COUNTY","46077","46","4","111 EAST WASHITA","IROQUOIS","SD ","57353","0098","PO BOX 98","IROQUOIS","SD ","57353","0098","6055462210","1-Local school district","44.367000","-97.852900","02003","Prekindergarten","12th Grade","South Dakota","234"
"JAMES VALLEY EDUCATION COOPERATIVE","South Dakota","4600039","DAVISON COUNTY","46035","46","0","110 NORTH MENTZER ST","MITCHELL","SD ","57301","8001","110 N MENTZER ST","MITCHELL","SD ","57301","8001","6059953021","4-Regional education services agency","43.709700","-98.014200","17202","†","†","South Dakota","†"
"JONES COUNTY SCHOOL DISTRICT 37-3","South Dakota","4619580","JONES COUNTY","46075","46","3","404 JACKSON AVE","MURDO","SD ","57559","0109","PO BOX 109","MURDO","SD ","57559","0109","6056692297","1-Local school district","43.887500","-100.707600","37003","Kindergarten","12th Grade","South Dakota","189"
"KADOKA AREA SCHOOL DISTRICT 35-2","South Dakota","4680437","JACKSON COUNTY","46071","46","5","800 BAYBERRY ST","KADOKA","SD ","57543","0099","PO BOX 99","KADOKA","SD ","57543","0099","6058372175","1-Local school district","43.837100","-101.509800","35002","Prekindergarten","12th Grade","South Dakota","382"
"KIMBALL SCHOOL DISTRICT 07-2","South Dakota","4638220","BRULE COUNTY","46015","46","5","300 SOUTH EAST ST","KIMBALL","SD ","57355","0479","PO BOX 479","KIMBALL","SD ","57355","0479","6057786232","1-Local school district","43.745600","-98.954900","07002","Kindergarten","12th Grade","South Dakota","293"
"LAKE PRESTON SCHOOL DISTRICT 38-3","South Dakota","4639990","KINGSBURY COUNTY","46077","46","3","300 1ST ST NE","LAKE PRESTON","SD ","57249","0038","300 1ST ST NE","LAKE PRESTON","SD ","57249","0038","6058474455","1-Local school district","44.361000","-97.373900","38003","Prekindergarten","12th Grade","South Dakota","162"
"LANGFORD AREA 45-5","South Dakota","4640860","MARSHALL COUNTY","46091","46","4","206 CHESTNUT ST","LANGFORD","SD ","57454","0127","PO BOX 127","LANGFORD","SD ","57454","0127","6054936454","1-Local school district","45.604300","-97.833000","45005","Prekindergarten","12th Grade","South Dakota","226"
"LEAD-DEADWOOD SCHOOL DISTRICT 40-1","South Dakota","4641300","LAWRENCE COUNTY","46081","46","4","320 SOUTH MAIN ST","LEAD","SD ","57754","1548","320 S MAIN ST","LEAD","SD ","57754","1548","6057173890","1-Local school district","44.346700","-103.775300","40001","Prekindergarten","12th Grade","South Dakota","820"
"LEMMON SCHOOL DISTRICT 52-4","South Dakota","4641520","PERKINS COUNTY","46105","46","3","209 3RD ST WEST","LEMMON","SD ","57638","1137","209 3RD ST W","LEMMON","SD ","57638","1137","6053743762","1-Local school district","45.942000","-102.162500","52004","Prekindergarten","12th Grade","South Dakota","244"
"LENNOX SCHOOL DISTRICT 41-4","South Dakota","4641550","LINCOLN COUNTY","46083","46","4","305 WEST 5TH AVE","LENNOX","SD ","57039","0038","PO BOX 38","LENNOX","SD ","57039","0038","6056472203","1-Local school district","43.350600","-96.894600","41004","Prekindergarten","12th Grade","South Dakota","1029"
"LEOLA SCHOOL DISTRICT 44-2","South Dakota","4641640","MCPHERSON COUNTY","46089","46","6","820 LEOLA AVE","LEOLA","SD ","57456","0350","PO BOX 350","LEOLA","SD ","57456","0350","6054393477","1-Local school district","45.719800","-98.937600","44002","Kindergarten","12th Grade","South Dakota","212"
"LYMAN SCHOOL DISTRICT 42-1","South Dakota","4644770","LYMAN COUNTY","46085","46","4","201 SOUTH BIRCH AVE","PRESHO","SD ","57568","1000","PO BOX 1000","PRESHO","SD ","57568","1000","6058952579","1-Local school district","43.910500","-100.063000","42001","Prekindergarten","12th Grade","South Dakota","419"
"MADISON CENTRAL SCHOOL DISTRICT 39-2","South Dakota","4639600","LAKE COUNTY","46079","46","4","800 NE 9TH ST","MADISON","SD ","57042","1104","800 NE 9TH ST","MADISON","SD ","57042","1104","6052567700","1-Local school district","44.015100","-97.103600","39002","Kindergarten","12th Grade","South Dakota","1132"
"MARION SCHOOL DISTRICT 60-3","South Dakota","4645450","TURNER COUNTY","46125","46","3","100 SOUTH CEDAR","MARION","SD ","57043","0207","PO BOX 207","MARION","SD ","57043","0207","6056483615","1-Local school district","43.422200","-97.259300","60003","Prekindergarten","12th Grade","South Dakota","187"
"MCCOOK CENTRAL SCHOOL DISTRICT 43-7","South Dakota","4601026","MCCOOK COUNTY","46087","46","4","200 EAST ESSEX","SALEM","SD ","57058","0310","PO BOX 310","SALEM","SD ","57058","0310","6054252264","1-Local school district","43.727600","-97.385700","43007","Prekindergarten","12th Grade","South Dakota","388"
"MCINTOSH SCHOOL DISTRICT 15-1","South Dakota","4646260","CORSON COUNTY","46031","46","3","135 MAIN ST","MCINTOSH","SD ","57641","0080","PO BOX 80","MCINTOSH","SD ","57641","0080","6052734298","1-Local school district","45.923500","-101.350700","15001","Prekindergarten","12th Grade","South Dakota","197"
"MCLAUGHLIN SCHOOL DISTRICT 15-2","South Dakota","4646380","CORSON COUNTY","46031","46","3","601 SOUTH MAIN","MCLAUGHLIN","SD ","57642","0880","PO BOX 880","MCLAUGHLIN","SD ","57642","0880","6058234484","1-Local school district","45.810800","-100.811200","15002","Prekindergarten","12th Grade","South Dakota","507"
"MEADE SCHOOL DISTRICT 46-1","South Dakota","4669930","MEADE COUNTY","46093","46","10","1230 DOUGLAS ST","STURGIS","SD ","57785","1869","1230 DOUGLAS ST","STURGIS","SD ","57785","1869","6053472523","1-Local school district","44.411700","-103.512900","46001","Prekindergarten","12th Grade","South Dakota","2661"
"MENNO SCHOOL DISTRICT 33-2","South Dakota","4647100","HUTCHINSON COUNTY","46067","46","6","410 5TH ST","MENNO","SD ","57045","0346","PO BOX 346","MENNO","SD ","57045","0346","6053875161","1-Local school district","43.244100","-97.578200","33002","Prekindergarten","12th Grade","South Dakota","284"
"MID-CENTRAL EDUCATIONAL COOPERATIVE","South Dakota","4680240","CHARLES MIX COUNTY","46023","46","0","612 SOUTH MAIN ST","PLATTE","SD ","57369","0228","PO BOX 228","PLATTE","SD ","57369","0228","6053372636","4-Regional education services agency","43.385000","-98.844800","11201","†","†","South Dakota","†"
"MILBANK SCHOOL DISTRICT 25-4","South Dakota","4600002","GRANT COUNTY","46051","46","3","1001 EAST PARK AVE","MILBANK","SD ","57252","1190","1001 E PARK AVE","MILBANK","SD ","57252","1190","6054325579","1-Local school district","45.216500","-96.625800","25004","Kindergarten","12th Grade","South Dakota","891"
"MILLER 29-4","South Dakota","4647942","HAND COUNTY","46059","46","4","623 EAST 4TH ST","MILLER","SD ","57362","0257","PO BOX 257","MILLER","SD ","57362","0257","6058532614","1-Local school district","44.519200","-98.980600","29004","Prekindergarten","12th Grade","South Dakota","449"
"MITCHELL SCHOOL DISTRICT 17-2","South Dakota","4648390","DAVISON COUNTY","46035","46","9","800 WEST 10TH AVE","MITCHELL","SD ","57301","7760","800 W 10TH AVE","MITCHELL","SD ","57301","7760","6059953010","1-Local school district","43.718700","-98.033400","17002","Kindergarten","12th Grade","South Dakota","2707"
"MOBRIDGE-POLLOCK 62-6","South Dakota","4680441","WALWORTH COUNTY","46129","46","4","1107 1ST AVE EAST","MOBRIDGE","SD ","57601","1700","1107 1ST AVE E","MOBRIDGE","SD ","57601","1700","6058459204","1-Local school district","45.543000","-100.432500","62006","Prekindergarten","12th Grade","South Dakota","655"
"MONTROSE SCHOOL DISTRICT 43-2","South Dakota","4648780","MCCOOK COUNTY","46087","46","4","309 SOUTH CHURCH AVE","MONTROSE","SD ","57048","9528","309 S CHURCH AVE","MONTROSE","SD ","57048","9528","6053635025","1-Local school district","43.698700","-97.186700","43002","Prekindergarten","12th Grade","South Dakota","231"
"MOUNT VERNON SCHOOL DISTRICT 17-3","South Dakota","4649650","DAVISON COUNTY","46035","46","3","500 NORTH MAIN","MOUNT VERNON","SD ","57363","0046","PO BOX 46","MOUNT VERNON","SD ","57363","0046","6052365237","1-Local school district","43.714700","-98.260600","17003","Prekindergarten","12th Grade","South Dakota","231"
"NE ED SERVICES COOPERATIVE","South Dakota","4651730","HAMLIN COUNTY","46057","46","0","310 5TH ST","HAYTI","SD ","57241","0327","PO BOX 327","HAYTI","SD ","57241","0327","6057833607","4-Regional education services agency","44.657000","-97.202400","28201","†","†","South Dakota","†"
"NEW UNDERWOOD SCHOOL DISTRICT 51-3","South Dakota","4650670","PENNINGTON COUNTY","46103","46","3","300 EAST ASH","NEW UNDERWOOD","SD ","57761","0128","PO BOX 128","NEW UNDERWOOD","SD ","57761","0128","6057546485","1-Local school district","44.094700","-102.832800","51003","Kindergarten","12th Grade","South Dakota","262"
"NEWELL SCHOOL DISTRICT 09-2","South Dakota","4650850","BUTTE COUNTY","46019","46","3","501 DARTMOUTH","NEWELL","SD ","57760","0099","PO BOX 99","NEWELL","SD ","57760","0099","6054562393","1-Local school district","44.717000","-103.425600","09002","Prekindergarten","12th Grade","South Dakota","337"
"NORTH CENTRAL SPECIAL ED COOPERATIVE","South Dakota","4600032","BROWN COUNTY","46013","46","0","1200 SOUTH JAY ST","ABERDEEN","SD ","57401","7155","1200 S JAY ST","ABERDEEN","SD ","57401","7155","6056263359","4-Regional education services agency","45.452600","-98.483600","06201","†","†","South Dakota","†"
"NORTHEAST TECHNICAL HIGH SCHOOL","South Dakota","4680170","CODINGTON COUNTY","46029","46","1","1311 3RD AVE NE","WATERTOWN","SD ","57201","2000","1311 3RD AVE NE","WATERTOWN","SD ","57201","2000","6058826380","4-Regional education services agency","44.892900","-97.093800","14201","9th Grade","12th Grade","South Dakota","–"
"NORTHWEST AREA SCHOOLS ED COOPERATIVE","South Dakota","4680280","DEWEY COUNTY","46041","46","1","503 NORTH MAIN","ISABEL","SD ","57633","0035","PO BOX 35","ISABEL","SD ","57633","0035","6054662206","4-Regional education services agency","45.396300","-101.429800","52201","Kindergarten","12th Grade","South Dakota","–"
"NORTHWESTERN AREA SCHOOL DISTRICT 56-7","South Dakota","4651750","SPINK COUNTY","46115","46","3","221 3RD ST","MELLETTE","SD ","57461","0045","PO BOX 45","MELLETTE","SD ","57461","0045","6058873467","1-Local school district","45.155700","-98.499600","56007","Prekindergarten","12th Grade","South Dakota","278"
"OAHE SPECIAL EDUCATION COOPERATIVE","South Dakota","4670000","WALWORTH COUNTY","46129","46","0","3111 CHICAGO ST","JAVA","SD ","57452","0097","PO BOX 97","JAVA","SD ","57452","0097","6056496296","4-Regional education services agency","45.507300","-99.888300","62201","†","†","South Dakota","†"
"OELRICHS SCHOOL DISTRICT 23-3","South Dakota","4652770","FALL RIVER COUNTY","46047","46","3","214 WEST 7TH ST","OELRICHS","SD ","57763","0065","PO BOX 65","OELRICHS","SD ","57763","0065","6055352631","1-Local school district","43.180300","-103.233600","23003","Kindergarten","12th Grade","South Dakota","124"
"OLDHAM - RAMONA SCHOOL DISTRICT 39-5","South Dakota","4601027","LAKE COUNTY","46079","46","5","220 WEST 2ND ST","RAMONA","SD ","57054","0008","PO BOX 8","RAMONA","SD ","57054","0008","6054828244","1-Local school district","44.120500","-97.219200","39005","Prekindergarten","12th Grade","South Dakota","140"
"PARKER SCHOOL DISTRICT 60-4","South Dakota","4654270","TURNER COUNTY","46125","46","3","335 WEST 1ST ST","PARKER","SD ","57053","0517","PO BOX 517","PARKER","SD ","57053","0517","6052973456","1-Local school district","43.396700","-97.140000","60004","Prekindergarten","12th Grade","South Dakota","366"
"PARKSTON SCHOOL DISTRICT 33-3","South Dakota","4654300","HUTCHINSON COUNTY","46067","46","6","102C SOUTH CHAPMAN DR","PARKSTON","SD ","57366","2017","102C S CHAPMAN DR","PARKSTON","SD ","57366","2017","6059283368","1-Local school district","43.394100","-97.976400","33003","Prekindergarten","12th Grade","South Dakota","582"
"PIERRE SCHOOL DISTRICT 32-2","South Dakota","4655260","HUGHES COUNTY","46065","46","6","211 SOUTH POPLAR AVE","PIERRE","SD ","57501","1845","211 S POPLAR AVE","PIERRE","SD ","57501","1845","6057737300","1-Local school district","44.371600","-100.359000","32002","Prekindergarten","12th Grade","South Dakota","2630"
"PLANKINTON SCHOOL DISTRICT 01-1","South Dakota","4655710","AURORA COUNTY","46003","46","5","404 EAST DAVENPORT","PLANKINTON","SD ","57368","0190","PO BOX 190","PLANKINTON","SD ","57368","0190","6059427743","1-Local school district","43.710100","-98.482200","01001","Prekindergarten","12th Grade","South Dakota","339"
"PLATTE - GEDDES SCHOOL DISTRICT 11-5","South Dakota","4680438","CHARLES MIX COUNTY","46023","46","5","400 ILLINOIS AVE","PLATTE","SD ","57369","0140","PO BOX 140","PLATTE","SD ","57369","0140","6053373391","1-Local school district","43.387100","-98.839200","11005","Prekindergarten","12th Grade","South Dakota","457"
"PRAIRIE LAKES EDUCATIONAL COOPERATIVE","South Dakota","4600050","LAKE COUNTY","46079","46","0","820 NORTH WASHINGTON AVE","MADISON","SD ","57042","1735","820 N WASHINGTON AVE","MADISON","SD ","57042","1735","6052565555","4-Regional education services agency","44.012600","-97.109700","39201","†","†","South Dakota","†"
"RAPID CITY AREA SCHOOL DISTRICT 51-4","South Dakota","4659820","PENNINGTON COUNTY","46103","46","25","300 6TH ST","RAPID CITY","SD ","57701","2724","300 6TH ST","RAPID CITY","SD ","57701","2724","6053944031","1-Local school district","44.083200","-103.226200","51004","Prekindergarten","12th Grade","South Dakota","13353"
"REDFIELD SCHOOL DISTRICT 56-4","South Dakota","4660450","SPINK COUNTY","46115","46","4","502 EAST 2ND ST","REDFIELD","SD ","57469","0560","PO BOX 560","REDFIELD","SD ","57469","0560","6054724520","1-Local school district","44.878000","-98.515200","56004","Prekindergarten","12th Grade","South Dakota","652"
"ROSHOLT SCHOOL DISTRICT 54-4","South Dakota","4663360","ROBERTS COUNTY","46109","46","4","202 FINLEY AVE","ROSHOLT","SD ","57260","0106","PO BOX 106","ROSHOLT","SD ","57260","0106","6055374283","1-Local school district","45.864200","-96.737100","54004","Kindergarten","12th Grade","South Dakota","215"
"RUTLAND SCHOOL DISTRICT 39-4","South Dakota","4664140","LAKE COUNTY","46079","46","3","102 SCHOOL ST","RUTLAND","SD ","57057","6526","102 SCHOOL ST","RUTLAND","SD ","57057","6526","6055864352","1-Local school district","44.089400","-96.965800","39004","Kindergarten","12th Grade","South Dakota","155"
"SANBORN CENTRAL SCHOOL DISTRICT 55-5","South Dakota","4603932","SANBORN COUNTY","46111","46","4","40405 SD HWY 34","FORESTBURG","SD ","57314","6421","40405 SD HWY 34","FORESTBURG","SD ","57314","6421","6054954183","1-Local school district","44.009500","-97.943100","55005","Prekindergarten","12th Grade","South Dakota","203"
"SCOTLAND SCHOOL DISTRICT 04-3","South Dakota","4665180","BON HOMME COUNTY","46009","46","3","711 4TH ST","SCOTLAND","SD ","57059","2135","711 4TH ST","SCOTLAND","SD ","57059","2135","6055832717","1-Local school district","43.148400","-97.716200","04003","Prekindergarten","12th Grade","South Dakota","281"
"SD SCH FOR THE BLIND & VISUALLY IMPAIRED","South Dakota","4600029","BROWN COUNTY","46013","46","2","423 17TH AVE SE","ABERDEEN","SD ","57401","7699","423 17TH AVE SE","ABERDEEN","SD ","57401","7699","6056262580","5-State-operated institution","45.448100","-98.480900","06302","Prekindergarten","12th Grade","South Dakota","24"
"SD STATE TREATMENT AND REHABILITATION","South Dakota","4600035","CUSTER COUNTY","46033","46","2","12279 BRADY DR","CUSTER","SD ","57730","9658","12279 BRADY DR","CUSTER","SD ","57730","9658","6056732521","5-State-operated institution","43.704800","-103.602200","16303","7th Grade","12th Grade","South Dakota","98"
"SELBY AREA SCHOOL DISTRICT 62-5","South Dakota","4601028","WALWORTH COUNTY","46129","46","3","108 EAST DAKOTA ST","SELBY","SD ","57472","0324","PO BOX 324","SELBY","SD ","57472","0324","6056497818","1-Local school district","45.508400","-100.033500","62005","Prekindergarten","12th Grade","South Dakota","195"
"SHANNON COUNTY SCHOOL DISTRICT 65-1","South Dakota","4665460","SHANNON COUNTY","46113","46","8","206 SCHOOL ST","BATESLAND","SD ","57716","0109","PO BOX 109","BATESLAND","SD ","57716","0109","6052881921","1-Local school district","43.127000","-102.099500","65001","Prekindergarten","12th Grade","South Dakota","1502"
"SIOUX FALLS SCHOOL DISTRICT 49-5","South Dakota","4666270","MINNEHAHA COUNTY","46099","46","48","201 EAST 38TH ST","SIOUX FALLS","SD ","57105","5898","201 E 38TH ST","SIOUX FALLS","SD ","57105","5898","6053677900","1-Local school district","43.517600","-96.724900","49005","Prekindergarten","12th Grade","South Dakota","23384"
"SIOUX VALLEY SCHOOL DISTRICT 05-5","South Dakota","4666300","BROOKINGS COUNTY","46011","46","3","200 HANSINA AVE","VOLGA","SD ","57071","0278","PO BOX 278","VOLGA","SD ","57071","0278","6056275657","1-Local school district","44.323600","-96.921600","05005","Kindergarten","12th Grade","South Dakota","579"
"SISSETON SCHOOL DISTRICT 54-2","South Dakota","4600053","ROBERTS COUNTY","46109","46","4","516 8TH AVE WEST","SISSETON","SD ","57262","1262","516 8TH AVE W","SISSETON","SD ","57262","1262","6056987613","1-Local school district","45.664800","-97.061200","54002","Prekindergarten","12th Grade","South Dakota","903"
"SMEE SCHOOL DISTRICT 15-3","South Dakota","4675600","CORSON COUNTY","46031","46","3","12250 SD HWY 1806","WAKPALA","SD ","57658","0111","PO BOX B","WAKPALA","SD ","57658","0111","6058453040","1-Local school district","45.625000","-100.522500","15003","Prekindergarten","12th Grade","South Dakota","184"
"SOUTH CENTRAL 26-5","South Dakota","4607670","GREGORY COUNTY","46053","46","3","410 BIRDSELL ST","BONESTEEL","SD ","57317","2101","401 BIRDSELL STREET","BONESTEEL","SD ","57317","2101","6056542314","1-Local school district","43.079500","-98.950500","26005","Prekindergarten","12th Grade","South Dakota","127"
"SOUTH CENTRAL COOPERATIVE","South Dakota","4680431","BON HOMME COUNTY","46009","46","0","406 EAST LAWYER ST","TYNDALL","SD ","57066","2248","PO BOX 430","TYNDALL","SD ","57066","2248","6055893134","4-Regional education services agency","42.989200","-97.867000","04201","†","†","South Dakota","†"
"SOUTHEAST AREA COOPERATIVE","South Dakota","4664300","UNION COUNTY","46127","46","0","1109 WEST CEDAR","BERESFORD","SD ","57004","2146","1109 W CEDAR","BERESFORD","SD ","57004","2146","6057635096","4-Regional education services agency","43.083200","-96.788200","61201","9th Grade","12th Grade","South Dakota","†"
"SPEARFISH SCHOOL DISTRICT 40-2","South Dakota","4666930","LAWRENCE COUNTY","46081","46","6","525 EAST ILLINOIS","SPEARFISH","SD ","57783","2521","525 E ILLINOIS ST","SPEARFISH","SD ","57783","2521","6057171229","1-Local school district","44.490900","-103.852500","40002","Prekindergarten","12th Grade","South Dakota","2184"
"STANLEY COUNTY SCHOOL DISTRICT 57-1","South Dakota","4624850","STANLEY COUNTY","46117","46","4","03 EAST 2ND AVE","FORT PIERRE","SD ","57532","0370","PO BOX 370","FORT PIERRE","SD ","57532","0370","6052237741","1-Local school district","44.354900","-100.373800","57001","Kindergarten","12th Grade","South Dakota","418"
"STICKNEY SCHOOL DISTRICT 01-2","South Dakota","4669540","AURORA COUNTY","46003","46","4","506 EAST MAIN","STICKNEY","SD ","57375","0067","PO BOX 67","STICKNEY","SD ","57375","0067","6057324221","1-Local school district","43.589700","-98.435300","01002","Prekindergarten","12th Grade","South Dakota","116"
"SUMMIT SCHOOL DISTRICT 54-6","South Dakota","4670140","ROBERTS COUNTY","46109","46","2","400 WEST SHERMAN AVE","SUMMIT","SD ","57266","0791","PO BOX 791","SUMMIT","SD ","57266","0791","6053986211","1-Local school district","45.305000","-97.040000","54006","Prekindergarten","12th Grade","South Dakota","170"
"TEA AREA SCHOOL DISTRICT 41-5","South Dakota","4600052","LINCOLN COUNTY","46083","46","4","131 NORTH POPLAR","TEA","SD ","57064","2152","PO BOX 488","TEA","SD ","57064","2152","6054982700","1-Local school district","43.447000","-96.839900","41005","Prekindergarten","12th Grade","South Dakota","1481"
"THREE-RIVERS SPECIAL SERV COOPERATIVE","South Dakota","4600024","HAAKON COUNTY","46055","46","0","100 EAST PINE ST","PHILIP","SD ","57567","0615","PO BOX 615","PHILIP","SD ","57567","0615","6058592244","4-Regional education services agency","44.039400","-101.662700","37201","†","†","South Dakota","†"
"TIMBER LAKE SCHOOL DISTRICT 20-3","South Dakota","4671880","DEWEY COUNTY","46041","46","3","500 MAIN ST","TIMBER LAKE","SD ","57656","1000","PO BOX 1000","TIMBER LAKE","SD ","57656","1000","6058653654","1-Local school district","45.426100","-101.073900","20003","Prekindergarten","12th Grade","South Dakota","368"
"TODD COUNTY SCHOOL DISTRICT 66-1","South Dakota","4672090","TODD COUNTY","46121","46","12","E DENVER DR","MISSION","SD ","57555","0087","PO BOX 87","MISSION","SD ","57555","0087","6058563501","1-Local school district","43.300500","-100.659100","66001","Kindergarten","12th Grade","South Dakota","2066"
"TRI-VALLEY SCHOOL DISTRICT 49-6","South Dakota","4644940","MINNEHAHA COUNTY","46099","46","3","46450 252ND ST","COLTON","SD ","57018","5712","46450 252ND ST","COLTON","SD ","57018","5712","6054463538","1-Local school district","43.734100","-96.920100","49006","Prekindergarten","12th Grade","South Dakota","804"
"TRIPP-DELMONT SCHOOL DISTRICT 33-5","South Dakota","4672450","HUTCHINSON COUNTY","46067","46","5","105 SOUTH SLOAN","TRIPP","SD ","57376","0430","PO BOX 430","TRIPP","SD ","57376","0430","6059356766","1-Local school district","43.226000","-97.967400","33005","Prekindergarten","12th Grade","South Dakota","197"
"VERMILLION SCHOOL DISTRICT 13-1","South Dakota","4674370","CLAY COUNTY","46027","46","4","17 PROSPECT ST","VERMILLION","SD ","57069","2107","17 PROSPECT ST","VERMILLION","SD ","57069","2107","6056777000","1-Local school district","42.779600","-96.933500","13001","Kindergarten","12th Grade","South Dakota","1210"
"VIBORG-HURLEY SCHOOL DISTRICT 60-6","South Dakota","4674520","TURNER COUNTY","46125","46","4","203 WEST PARK AVE","VIBORG","SD ","57070","0397","PO BOX 397","VIBORG","SD ","57070","0397","6057665418","1-Local school district","43.170300","-97.079600","60006","Prekindergarten","12th Grade","South Dakota","370"
"WAGNER COMMUNITY SCHOOL DISTRICT 11-4","South Dakota","4675420","CHARLES MIX COUNTY","46023","46","4","101 WALNUT AVE SW","WAGNER","SD ","57380","9307","101 WALNUT AVE SW","WAGNER","SD ","57380","9307","6053843677","1-Local school district","43.081600","-98.302900","11004","Prekindergarten","12th Grade","South Dakota","894"
"WALL SCHOOL DISTRICT 51-5","South Dakota","4675660","PENNINGTON COUNTY","46103","46","4","401 SOUTH BLVD WEST","WALL","SD ","57790","0414","PO BOX 414","WALL","SD ","57790","0414","6052792156","1-Local school district","43.991100","-102.246800","51005","Kindergarten","12th Grade","South Dakota","254"
"WARNER SCHOOL DISTRICT 06-5","South Dakota","4676020","BROWN COUNTY","46013","46","3","110 1ST AVE SW","WARNER","SD ","57479","0020","PO BOX 20","WARNER","SD ","57479","0020","6052256397","1-Local school district","45.324200","-98.493600","06005","Kindergarten","12th Grade","South Dakota","316"
"WATERTOWN SCHOOL DISTRICT 14-4","South Dakota","4676620","CODINGTON COUNTY","46029","46","8","200 NE 9TH ST","WATERTOWN","SD ","57201","0730","PO BOX 730","WATERTOWN","SD ","57201","0730","6058826312","1-Local school district","44.902000","-97.097900","14004","Prekindergarten","12th Grade","South Dakota","3863"
"WAUBAY SCHOOL DISTRICT 18-3","South Dakota","4676680","DAY COUNTY","46037","46","3","202 WEST SCHOOL RD","WAUBAY","SD ","57273","2134","202 W SCHOOL RD","WAUBAY","SD ","57273","2134","6059474529","1-Local school district","45.338700","-97.307900","18003","Prekindergarten","12th Grade","South Dakota","172"
"WAVERLY SCHOOL DISTRICT 14-5","South Dakota","4676740","CODINGTON COUNTY","46029","46","3","319 MARY PLACE","WAVERLY","SD ","57201","9700","319 MARY PLACE","WAVERLY","SD ","57201","9700","6058869174","1-Local school district","44.999400","-96.970200","14005","Prekindergarten","12th Grade","South Dakota","223"
"WEBSTER AREA 18-5","South Dakota","4676990","DAY COUNTY","46037","46","3","102 EAST 9TH AVE","WEBSTER","SD ","57274","1407","102 E 9TH AVE","WEBSTER","SD ","57274","1407","6053453548","1-Local school district","45.333700","-97.519000","18005","Prekindergarten","12th Grade","South Dakota","548"
"WESSINGTON SPRINGS SCHOOL DISTRICT 36-2","South Dakota","4677460","JERAULD COUNTY","46073","46","4","302 DAKOTA AVE NORTH","WESSINGTON SPRINGS","SD ","57382","2179","PO BOX 449","WESSINGTON SPRINGS","SD ","57382","2179","6055399311","1-Local school district","44.081500","-98.570800","36002","Prekindergarten","12th Grade","South Dakota","317"
"WEST CENTRAL SCHOOL DISTRICT 49-7","South Dakota","4631710","MINNEHAHA COUNTY","46099","46","4","705 EAST 2ND ST","HARTFORD","SD ","57033","0730","PO BOX 730","HARTFORD","SD ","57033","0730","6055283217","1-Local school district","43.623500","-96.935200","49007","Kindergarten","12th Grade","South Dakota","1338"
"WHITE LAKE SCHOOL DISTRICT 01-3","South Dakota","4678510","AURORA COUNTY","46003","46","3","502 EAST DIVISION ST","WHITE LAKE","SD ","57383","0246","PO BOX 246","WHITE LAKE","SD ","57383","0246","6052492251","1-Local school district","43.730400","-98.708900","01003","Prekindergarten","12th Grade","South Dakota","119"
"WHITE RIVER SCHOOL DISTRICT 47-1","South Dakota","4678570","MELLETTE COUNTY","46095","46","4","501 EAST 3RD ST","WHITE RIVER","SD ","57579","0273","PO BOX 273","WHITE RIVER","SD ","57579","0273","6052593311","1-Local school district","43.567900","-100.743800","47001","Prekindergarten","12th Grade","South Dakota","434"
"WILLOW LAKE SCHOOL DISTRICT 12-3","South Dakota","4679350","CLARK COUNTY","46025","46","8","400 GARFIELD ST","WILLOW LAKE","SD ","57278","0170","PO BOX 170","WILLOW LAKE","SD ","57278","0170","6056255945","1-Local school district","44.628600","-97.637200","12003","Prekindergarten","12th Grade","South Dakota","239"
"WILMOT SCHOOL DISTRICT 54-7","South Dakota","4600003","ROBERTS COUNTY","46109","46","3","800 ORDWAY ST","WILMOT","SD ","57279","0100","PO BOX 100","WILMOT","SD ","57279","0100","6059384647","1-Local school district","45.406700","-96.856300","54007","Prekindergarten","12th Grade","South Dakota","218"
"WINNER SCHOOL DISTRICT 59-2","South Dakota","4679710","TRIPP COUNTY","46123","46","3","431 EAST 7TH ST","WINNER","SD ","57580","2500","PO BOX 231","WINNER","SD ","57580","2500","6058428101","1-Local school district","43.371800","-99.849900","59002","Prekindergarten","12th Grade","South Dakota","687"
"WOLSEY WESSINGTON SCHOOL DISTRICT 02-6","South Dakota","4680100","BEADLE COUNTY","46005","46","3","375 ASH ST SE","WOLSEY","SD ","57384","0187","375 ASH ST SE","WOLSEY","SD ","57384","0187","6058834221","1-Local school district","44.406000","-98.473700","02006","Prekindergarten","12th Grade","South Dakota","345"
"WOONSOCKET SCHOOL DISTRICT 55-4","South Dakota","4680190","SANBORN COUNTY","46111","46","2","101 NORTH 2ND AVE","WOONSOCKET","SD ","57385","0428","PO BOX 428","WOONSOCKET","SD ","57385","0428","6057964431","1-Local school district","44.054000","-98.278600","55004","Prekindergarten","12th Grade","South Dakota","235"
"YANKTON SCHOOL DISTRICT 63-3","South Dakota","4680430","YANKTON COUNTY","46135","46","6","2410 WEST CITY LIMITS RD","YANKTON","SD ","57078","0738","PO BOX 738","YANKTON","SD ","57078","0738","6056653998","1-Local school district","42.896500","-97.417100","63003","Prekindergarten","12th Grade","South Dakota","2759"
