"Agency Name","State Name [District] Latest available year","Agency ID - NCES Assigned [District] Latest available year","County Name [District] 2013-14","County Number [District] 2013-14","ANSI/FIPS State Code [District] Latest available year","Total Number Operational Schools [Public School] 2013-14","Location Address [District] 2013-14","Location City [District] 2013-14","Location State Abbr [District] 2013-14","Location ZIP [District] 2013-14","Location ZIP4 [District] 2013-14","Mailing Address [District] 2013-14","Mailing City [District] 2013-14","Mailing State Abbr [District] 2013-14","Mailing ZIP [District] 2013-14","Mailing ZIP4 [District] 2013-14","Phone Number [District] 2013-14","Agency Type [District] 2013-14","Latitude [District] 2013-14","Longitude [District] 2013-14","State Agency ID [District] 2013-14","Lowest Grade Offered [District] 2013-14","Highest Grade Offered [District] 2013-14","State Name [District] 2013-14","Total Students (UG, PK-12) [District] 2013-14"
"ABERDEEN DISTRICT","Idaho","1600030","BINGHAM COUNTY","16011","16","3","318 WEST WASHINGTON","ABERDEEN","ID ","83210","0610","PO BOX 610","ABERDEEN","ID ","83210","0610","2083974113","1-Local school district","42.943100","-112.843400","058","Prekindergarten","12th Grade","Idaho","761"
"AMERICAN FALLS JOINT DISTRICT","Idaho","1600060","POWER COUNTY","16077","16","4","827 FORT HALL AVE","AMERICAN FALLS","ID ","83211","1463","827 FORT HALL AVENUE","AMERICAN FALLS","ID ","83211","1463","2082265173","1-Local school district","42.784700","-112.854400","381","Prekindergarten","12th Grade","Idaho","1472"
"AMERICAN HERITAGE CHARTER DISTRICT","Idaho","1600162","BONNEVILLE COUNTY","16019","16","1","1736 SOUTH 35TH WEST","IDAHO FALLS","ID ","83402","5538","1240 SOUTH 35TH WEST","IDAHO FALLS","ID ","83402","5538","2085397271","7-Charter school agency","43.481200","-112.103700","482","Prekindergarten","8th Grade","Idaho","226"
"ANOTHER CHOICE VIRTUAL CHARTER DISTRICT","Idaho","1600155","CANYON COUNTY","16027","16","1","1014 WEST HEMINGWAY BLVD","NAMPA","ID ","83651","1909","1014 W. HEMINGWAY BLVD.","NAMPA","ID ","83651","1909","2084754255","7-Charter school agency","43.601300","-116.593600","476","Prekindergarten","12th Grade","Idaho","370"
"ARBON ELEMENTARY DISTRICT","Idaho","1600090","POWER COUNTY","16077","16","1","4405 ARBON VALLEY HWY","ARBON","ID ","83212","5021","4405 ARBON VALLEY HIGHWAY","ARBON","ID ","83212","5021","2083352197","1-Local school district","42.563600","-112.554300","383","Kindergarten","6th Grade","Idaho","20"
"AVERY SCHOOL DISTRICT","Idaho","1600150","SHOSHONE COUNTY","16079","16","1","31 SCHOOL HOUSE HILL","AVERY","ID ","83802","0007","PO BOX 7","AVERY","ID ","83802","0007","2082452479","1-Local school district","47.250800","-115.807100","394","Kindergarten","8th Grade","Idaho","17"
"BASIN SCHOOL DISTRICT","Idaho","1600180","BOISE COUNTY","16015","16","2","100 CENTERVILLE RD","IDAHO CITY","ID ","83631","4126","PO BOX 227","IDAHO CITY","ID ","83631","4126","2083924183","1-Local school district","43.831500","-115.834700","072","Prekindergarten","12th Grade","Idaho","372"
"BEAR LAKE COUNTY DISTRICT","Idaho","1600240","BEAR LAKE COUNTY","16007","16","5","39 FIELDING ST","PARIS","ID ","83261","0300","PO BOX 300","PARIS","ID ","83261","0300","2089452891","1-Local school district","42.226000","-111.399500","033","Prekindergarten","12th Grade","Idaho","1119"
"BLACKFOOT CHARTER COMMUNITY LEARNING CENTER","Idaho","1600153","BINGHAM COUNTY","16011","16","1","2801 HUNTERS LOOP","BLACKFOOT","ID ","83221","6206","2801 HUNTERS LOOP","BLACKFOOT","ID ","83221","6206","2087820744","7-Charter school agency","43.211200","-112.320500","477","Prekindergarten","6th Grade","Idaho","300"
"BLACKFOOT DISTRICT","Idaho","1600270","BINGHAM COUNTY","16011","16","12","270 EAST BRIDGE ST","BLACKFOOT","ID ","83221","2865","270 E BRIDGE STREET","BLACKFOOT","ID ","83221","2865","2087858800","1-Local school district","43.186400","-112.341200","055","Prekindergarten","12th Grade","Idaho","4409"
"BLAINE COUNTY DISTRICT","Idaho","1600300","BLAINE COUNTY","16013","16","9","118 WEST BULLION ST","HAILEY","ID ","83333","8425","118 W BULLION STREET","HAILEY","ID ","83333","8425","2085785000","1-Local school district","43.518800","-114.317400","061","Prekindergarten","12th Grade","Idaho","3442"
"BLISS JOINT DISTRICT","Idaho","1600330","GOODING COUNTY","16047","16","1","601 EAST US HWY 30","BLISS","ID ","83314","0115","PO BOX 115","BLISS","ID ","83314","0115","2083524447","1-Local school district","42.923600","-114.942100","234","Prekindergarten","12th Grade","Idaho","132"
"BOISE INDEPENDENT DISTRICT","Idaho","1600360","ADA COUNTY","16001","16","49","8169 WEST VICTORY RD","BOISE","ID ","83709","4164","8169 W VICTORY ROAD","BOISE","ID ","83709","4164","2088544000","1-Local school district","43.575600","-116.283100","001","Prekindergarten","12th Grade","Idaho","27275"
"BONNEVILLE JOINT DISTRICT","Idaho","1600930","BONNEVILLE COUNTY","16019","16","23","3497 NORTH AMMON RD","IDAHO FALLS","ID ","83401","1301","3497 N AMMON ROAD","IDAHO FALLS","ID ","83401","1301","2085254400","1-Local school district","43.527600","-111.964100","093","Prekindergarten","12th Grade","Idaho","11008"
"BOUNDARY COUNTY DISTRICT","Idaho","1600420","BOUNDARY COUNTY","16021","16","5","7188 OAK ST","BONNERS FERRY","ID ","83805","8786","7188 OAK STREET","BONNERS FERRY","ID ","83805","8786","2082673146","1-Local school district","48.696000","-116.307000","101","Prekindergarten","12th Grade","Idaho","1492"
"BRUNEAU-GRAND VIEW JOINT DIST","Idaho","1600450","OWYHEE COUNTY","16073","16","3","660 BOISE AVE","GRAND VIEW","ID ","83624","0310","PO BOX 310","GRAND VIEW","ID ","83624","0310","2088342253","1-Local school district","42.987000","-116.094900","365","Prekindergarten","12th Grade","Idaho","335"
"BUHL JOINT DISTRICT","Idaho","1600480","TWIN FALLS COUNTY","16083","16","3","920 MAIN ST","BUHL","ID ","83316","1238","920 MAIN STREET","BUHL","ID ","83316","1238","2085436436","1-Local school district","42.599600","-114.759000","412","Prekindergarten","12th Grade","Idaho","1271"
"BUTTE COUNTY JOINT DISTRICT","Idaho","1600490","BUTTE COUNTY","16023","16","4","246 SUNSET DR","ARCO","ID ","83213","0089","PO BOX 89","ARCO","ID ","83213","0089","2085278235","1-Local school district","43.638300","-113.305500","111","Prekindergarten","12th Grade","Idaho","449"
"CALDWELL DISTRICT","Idaho","1600510","CANYON COUNTY","16027","16","10","1502 FILLMORE ST","CALDWELL","ID ","83605","4254","1502 FILLMORE STREET","CALDWELL","ID ","83605","4254","2084553300","1-Local school district","43.656500","-116.685100","132","Prekindergarten","12th Grade","Idaho","6572"
"CAMAS COUNTY DISTRICT","Idaho","1600540","CAMAS COUNTY","16025","16","2","610 SOLDIER RD","FAIRFIELD","ID ","83327","0370","PO BOX 370","FAIRFIELD","ID ","83327","0370","2087642625","1-Local school district","43.347100","-114.791100","121","Prekindergarten","12th Grade","Idaho","155"
"CAMBRIDGE JOINT DISTRICT","Idaho","1600570","WASHINGTON COUNTY","16087","16","2","40 NORTH FOURTH ST","CAMBRIDGE","ID ","83610","0039","PO BOX 39","CAMBRIDGE","ID ","83610","0039","2082573321","1-Local school district","44.575700","-116.679500","432","Prekindergarten","12th Grade","Idaho","132"
"CANYON-OWYHEE SCHOOL SERVICE AGENCY","Idaho","1600152","CANYON COUNTY","16027","16","1","109 PENNY LN","WILDER","ID ","83676","9199","109 PENNY LANE","WILDER","ID ","83676","9199","2084826074","4-Regional education services agency","43.681500","-116.906900","555","7th Grade","12th Grade","Idaho","136"
"CASCADE DISTRICT","Idaho","1600630","VALLEY COUNTY","16085","16","2","209 NORTH SCHOOL ST","CASCADE","ID ","83611","0291","PO BOX 291","CASCADE","ID ","83611","0291","2083824227","1-Local school district","44.515800","-116.046100","422","Prekindergarten","12th Grade","Idaho","270"
"CASSIA COUNTY JOINT DISTRICT","Idaho","1600660","CASSIA COUNTY","16031","16","17","3650 OVERLAND AVE","BURLEY","ID ","83318","2444","3650 OVERLAND AVENUE","BURLEY","ID ","83318","2444","2088786600","1-Local school district","42.506600","-113.793900","151","Prekindergarten","12th Grade","Idaho","5453"
"CASTLEFORD DISTRICT","Idaho","1600690","TWIN FALLS COUNTY","16083","16","1","500 MAIN ST","CASTLEFORD","ID ","83321","9998","500 MAIN STREET","CASTLEFORD","ID ","83321","9998","2085376511","1-Local school district","42.520600","-114.874800","417","Prekindergarten","12th Grade","Idaho","329"
"CHALLIS JOINT DISTRICT","Idaho","1600720","CUSTER COUNTY","16037","16","5","721 EAST MAIN AVE","CHALLIS","ID ","83226","0304","PO BOX 304","CHALLIS","ID ","83226","0304","2088794231","1-Local school district","44.505100","-114.232100","181","Prekindergarten","12th Grade","Idaho","429"
"CHIEF TAHGEE ELEMENTARY ACADEMY DISTRICT","Idaho","1600163","BINGHAM COUNTY","16011","16","1","800 WEST RIVERTON RD","FORT HALL","ID ","83203","6352","P.O. BOX 216","FORT HALL","ID ","83203","0217","2084784024","7-Charter school agency","43.149800","-112.453400","483","Kindergarten","6th Grade","Idaho","84"
"CLARK COUNTY DISTRICT","Idaho","1600750","CLARK COUNTY","16033","16","2","43 WEST SECOND SOUTH","DUBOIS","ID ","83423","0237","PO BOX 237","DUBOIS","ID ","83423","0237","2083745215","1-Local school district","44.173200","-112.230300","161","Prekindergarten","12th Grade","Idaho","161"
"COEUR D'ALENE DISTRICT","Idaho","1600780","KOOTENAI COUNTY","16055","16","18","1400 NORTH NORTHWOOD CENTER CT","COEUR D'ALENE","ID ","83814","4280","1400 N NORTHWOOD CENTER CT","COEUR D'ALENE","ID ","83814","4280","2086648241","1-Local school district","47.697900","-116.805700","271","Prekindergarten","12th Grade","Idaho","11577"
"COMPASS CHARTER SCHOOL","Idaho","1600007","ADA COUNTY","16001","16","1","2511 WEST CHERRY LN","MERIDIAN","ID ","83642","1135","2511 W CHERRY LANE","MERIDIAN","ID ","83642","1135","2088552802","7-Charter school agency","43.618500","-116.424400","455","Prekindergarten","12th Grade","Idaho","568"
"COTTONWOOD JOINT DISTRICT","Idaho","1600810","IDAHO COUNTY","16049","16","3","1916 EAST ST","COTTONWOOD","ID ","83522","0580","PO BOX 158","COTTONWOOD","ID ","83522","0580","2089623971","1-Local school district","46.060100","-116.347700","242","Prekindergarten","12th Grade","Idaho","393"
"COUNCIL DISTRICT","Idaho","1600840","ADAMS COUNTY","16003","16","2","101 EAST BLEEKER AVE","COUNCIL","ID ","83612","0468","PO BOX 468","COUNCIL","ID ","83612","0468","2082534217","1-Local school district","44.727600","-116.442800","013","Prekindergarten","12th Grade","Idaho","248"
"CULDESAC JOINT DISTRICT","Idaho","1600870","NEZ PERCE COUNTY","16069","16","1","600 CULDESAC AVE","CULDESAC","ID ","83524","8700","600 CULDESAC AVENUE","CULDESAC","ID ","83524","8700","2088435413","1-Local school district","46.375300","-116.671700","342","Prekindergarten","12th Grade","Idaho","89"
"DAVINCI CHARTER SCHOOL DISRICT","Idaho","1600013","ADA COUNTY","16001","16","0","5655 NORTH GLENWOOD ST","GARDEN CITY","ID ","83714","1902","5655 N GLENWOOD ST","GARDEN CITY","ID ","83714","1902","2083770011","7-Charter school agency","43.656300","-116.279800","459","Prekindergarten","8th Grade","Idaho","†"
"DIETRICH DISTRICT","Idaho","1600900","LINCOLN COUNTY","16063","16","1","406 NORTH PARK ST","DIETRICH","ID ","83324","5069","406 N PARK STREET","DIETRICH","ID ","83324","5069","2085442158","1-Local school district","42.916100","-114.264300","314","Prekindergarten","12th Grade","Idaho","258"
"EMMETT INDEPENDENT DIST","Idaho","1601020","GEM COUNTY","16045","16","9","400 SOUTH PINE ST 1","EMMETT","ID ","83617","3111","400 S PINE STREET #1","EMMETT","ID ","83617","3111","2083656301","1-Local school district","43.872800","-116.483200","221","Prekindergarten","12th Grade","Idaho","2539"
"FALCON RIDGE CHARTER SCHOOL","Idaho","1600008","ADA COUNTY","16001","16","1","278 SOUTH TEN MILE RD","KUNA","ID ","83634","1768","278 S TEN MILE ROAD","KUNA","ID ","83634","1768","2089229228","7-Charter school agency","43.486900","-116.433600","456","Prekindergarten","8th Grade","Idaho","281"
"FILER DISTRICT","Idaho","1601050","TWIN FALLS COUNTY","16083","16","5","700 B STEVENS AVE","FILER","ID ","83328","5356","700 B STEVENS AVENUE","FILER","ID ","83328","5356","2083265981","1-Local school district","42.566900","-114.614000","413","Prekindergarten","12th Grade","Idaho","1528"
"FIRTH DISTRICT","Idaho","1601080","BINGHAM COUNTY","16011","16","3","319 LINCOLN ST","FIRTH","ID ","83236","0069","319 LINCOLN STREET","FIRTH","ID ","83236","0069","2083466815","1-Local school district","43.307500","-112.187400","059","Prekindergarten","12th Grade","Idaho","751"
"FORREST M. BIRD CHARTER DISTRICT","Idaho","1600165","BONNER COUNTY","16017","16","0","614 SOUTH MADISON AVE","SANDPOINT","ID ","83864","8724","614 S. MADISON AVE.","SANDPOINT","ID ","83864","8724","2082557771","7-Charter school agency","48.264200","-116.571100","487","†","†","Idaho","†"
"FREMONT COUNTY JOINT DISTRICT","Idaho","1601110","FREMONT COUNTY","16043","16","7","945 WEST FIRST NORTH","ST. ANTHONY","ID ","83445","1422","945 W FIRST N","ST. ANTHONY","ID ","83445","1422","2086247542","1-Local school district","43.965500","-111.695100","215","Prekindergarten","12th Grade","Idaho","2307"
"FRUITLAND DISTRICT","Idaho","1601140","PAYETTE COUNTY","16075","16","4","401 IOWA AVE","FRUITLAND","ID ","83619","9000","PO BOX A","FRUITLAND","ID ","83619","9000","2084523595","1-Local school district","44.007800","-116.916600","373","Prekindergarten","12th Grade","Idaho","1778"
"GARDEN VALLEY DISTRICT","Idaho","1601170","BOISE COUNTY","16015","16","2","1053 BANKS LOWMAN RD","GARDEN VALLEY","ID ","83622","0710","PO BOX 710","GARDEN VALLEY","ID ","83622","0710","2084623756","1-Local school district","44.091200","-115.952400","071","Prekindergarten","12th Grade","Idaho","232"
"GENESEE JOINT DISTRICT","Idaho","1601200","LATAH COUNTY","16057","16","1","330 WEST ASH ST","GENESEE","ID ","83832","0098","PO BOX 98","GENESEE","ID ","83832","0098","2082851161","1-Local school district","46.551700","-116.928900","282","Prekindergarten","12th Grade","Idaho","308"
"GLENNS FERRY JOINT DISTRICT","Idaho","1601230","ELMORE COUNTY","16039","16","3","800 OLD HWY 30","GLENNS FERRY","ID ","83623","2896","800 OLD HIGHWAY 30","GLENNS FERRY","ID ","83623","2896","2083667436","1-Local school district","42.949700","-115.385100","192","Prekindergarten","12th Grade","Idaho","451"
"GOODING JOINT DISTRICT","Idaho","1601260","GOODING COUNTY","16047","16","3","507 IDAHO ST","GOODING","ID ","83330","1275","507 IDAHO STREET","GOODING","ID ","83330","1275","2089344321","1-Local school district","42.940600","-114.714200","231","Prekindergarten","12th Grade","Idaho","1286"
"GRACE JOINT DISTRICT","Idaho","1601290","CARIBOU COUNTY","16029","16","3","117 WEST FOURTH SOUTH","GRACE","ID ","83241","0347","PO BOX 347","GRACE","ID ","83241","0347","2084253984","1-Local school district","42.572900","-111.732700","148","Prekindergarten","12th Grade","Idaho","488"
"HAGERMAN JOINT DISTRICT","Idaho","1601380","GOODING COUNTY","16047","16","1","324 NORTH SECOND AVE","HAGERMAN","ID ","83332","5057","324 N SECOND AVENUE","HAGERMAN","ID ","83332","5057","2088376344","1-Local school district","42.818600","-114.900400","233","Prekindergarten","12th Grade","Idaho","381"
"HANSEN DISTRICT","Idaho","1601410","TWIN FALLS COUNTY","16083","16","2","550 MAIN ST","HANSEN","ID ","83334","0250","550 MAIN STREET","HANSEN","ID ","83334","0250","2084236387","1-Local school district","42.528100","-114.301100","415","Prekindergarten","12th Grade","Idaho","365"
"HERITAGE ACADEMY DISTRICT","Idaho","1600159","JEROME COUNTY","16053","16","1","500 SOUTH LINCOLN","JEROME","ID ","83338","3027","500 S LINCOLN","JEROME","ID ","83338","3027","2085951617","7-Charter school agency","42.720200","-114.518400","479","Prekindergarten","9th Grade","Idaho","184"
"HERITAGE COMMUNITY CHARTER DISTRICT","Idaho","1600161","CANYON COUNTY","16027","16","1","1803 EAST USTICK AVE","CALDWELL","ID ","83605","6607","1803 E USTICK AVENUE","CALDWELL","ID ","83605","6607","2084538070","7-Charter school agency","43.634900","-116.676900","481","Kindergarten","8th Grade","Idaho","509"
"HIGHLAND JOINT DISTRICT","Idaho","1601440","LEWIS COUNTY","16061","16","1","112 BLVD","CRAIGMONT","ID ","83523","0130","PO BOX 130","CRAIGMONT","ID ","83523","0130","2089245211","1-Local school district","46.243400","-116.473000","305","Prekindergarten","12th Grade","Idaho","191"
"HOMEDALE JOINT DISTRICT","Idaho","1601470","OWYHEE COUNTY","16073","16","3","116 EAST OWYHEE AVE","HOMEDALE","ID ","83628","3227","116 E OWYHEE AVENUE","HOMEDALE","ID ","83628","3227","2083374611","1-Local school district","43.618400","-116.931600","370","Prekindergarten","12th Grade","Idaho","1209"
"HORSESHOE BEND SCHOOL DISTRICT","Idaho","1601500","BOISE COUNTY","16015","16","2","398 SCHOOL DR","HORSESHOE BEND","ID ","83629","8099","398 SCHOOL DRIVE","HORSESHOE BEND","ID ","83629","8099","2087932225","1-Local school district","43.907000","-116.201800","073","Prekindergarten","12th Grade","Idaho","280"
"IDAHO CONNECTS ONLINE SCHOOL","Idaho","1600148","ADA COUNTY","16001","16","2","12639 WEST EXPLORER DR","BOISE","ID ","83713","1889","12639 W. EXPLORER DRIVE","BOISE","ID ","83713","1889","2085155796","7-Charter school agency","43.662300","-116.339300","469","6th Grade","12th Grade","Idaho","323"
"IDAHO DEPT CORRECTION","Idaho","1600017","ADA COUNTY","16001","16","1","954 WEST JEFFERSON","BOISE","ID ","83720","0285","954 W. JEFFERSON","BOISE","ID ","83720","0285","2085775423","5-State-operated institution","43.618900","-116.203200","671","†","†","Idaho","†"
"IDAHO DEPT JUVENILE CORRECTION","Idaho","1600016","CANYON COUNTY","16027","16","2","1650 11TH AVE NORTH","NAMPA","ID ","83687","5000","1650 11TH AVENUE N","NAMPA","ID ","83687","5000","2084658443","5-State-operated institution","43.600000","-116.534700","709","†","†","Idaho","†"
"IDAHO FALLS DISTRICT","Idaho","1601530","BONNEVILLE COUNTY","16019","16","19","690 JOHN ADAMS PARKWAY","IDAHO FALLS","ID ","83401","4073","690 JOHN ADAMS PKWY","IDAHO FALLS","ID ","83401","4073","2085257500","1-Local school district","43.493700","-112.019200","091","Prekindergarten","12th Grade","Idaho","10742"
"IDAHO SCHOOL FOR THE DEAF AND BLIND","Idaho","1603511","GOODING COUNTY","16047","16","1","1450 MAIN ST","GOODING","ID ","83330","1839","1450 MAIN STREET","GOODING","ID ","83330","1839","2089344457","5-State-operated institution","42.930800","-114.712800","596","Prekindergarten","12th Grade","Idaho","80"
"IDAHO SCIENCE & TECHNOLOGY CHARTER","Idaho","1600145","BINGHAM COUNTY","16011","16","1","21 NORTH 550 WEST BLACKFOOT","BLACKFOOT","ID ","83221","0291","21 N 550 W, BLACKFOOT","BLACKFOOT","ID ","83221","0291","2087857827","7-Charter school agency","43.199700","-112.405400","468","6th Grade","8th Grade","Idaho","228"
"IDAHO STEM ACADEMY DBA BINGHAM ACADEMY","Idaho","1600169","BINGHAM COUNTY","16011","16","0","1350 PARKEAY DR 19","BLACKFOOT","ID ","83221","","17 N 55 W","BLACKFOOT","ID ","83221","","2086810083","7-Charter school agency","43.195100","-112.367700","485","†","†","Idaho","†"
"IDAHO VIRTUAL ACADEMY","Idaho","1600004","ADA COUNTY","16001","16","2","1965 SOUTH EAGLE RD","MERIDIAN","ID ","83642","9246","1965 S EAGLE ROAD","MERIDIAN","ID ","83642","9246","2083223559","7-Charter school agency","43.587000","-116.355600","452","Prekindergarten","12th Grade","Idaho","3438"
"INSPIRE VIRTUAL CHARTER","Idaho","1600011","ADA COUNTY","16001","16","1","600 NORTH STEELHEAD WAY","BOISE","ID ","83702","5000","600 N STEELHEAD WAY","BOISE","ID ","83702","5000","2083224002","7-Charter school agency","43.610400","-116.289100","457","Prekindergarten","12th Grade","Idaho","860"
"ISUCCEED VIRTUAL HIGH SCHOOL","Idaho","1600144","ADA COUNTY","16001","16","1","6148 NORTH DISCOVERY WAY","BOISE","ID ","83713","0202","6148 N DISCOVERY WAY","BOISE","ID ","83713","0202","2083753116","7-Charter school agency","43.660700","-116.340800","466","9th Grade","12th Grade","Idaho","580"
"JEFFERSON COUNTY JT DISTRICT","Idaho","1601570","JEFFERSON COUNTY","16051","16","9","3850 EAST 300 NORTH","RIGBY","ID ","83442","1413","PO BOX 150","RIGBY","ID ","83442","1413","2087456693","1-Local school district","43.669400","-111.934300","251","Prekindergarten","12th Grade","Idaho","3176"
"JEROME JOINT DISTRICT","Idaho","1601590","JEROME COUNTY","16053","16","6","125 FOURTH AVE WEST","JEROME","ID ","83338","2321","125 FOURTH AVENUE W","JEROME","ID ","83338","2321","2083242392","1-Local school district","42.727400","-114.519900","261","Prekindergarten","12th Grade","Idaho","3814"
"KAMIAH JOINT DISTRICT","Idaho","1601620","LEWIS COUNTY","16061","16","3","1102 HILL ST","KAMIAH","ID ","83536","5272","1102 HILL STREET","KAMIAH","ID ","83536","5272","2089352991","1-Local school district","46.221600","-116.029400","304","Prekindergarten","12th Grade","Idaho","501"
"KELLOGG JOINT DISTRICT","Idaho","1601650","SHOSHONE COUNTY","16079","16","5","800 BUNKER AVE","KELLOGG","ID ","83837","2209","800 BUNKER AVENUE","KELLOGG","ID ","83837","2209","2087841348","1-Local school district","47.544200","-116.135300","391","Prekindergarten","12th Grade","Idaho","1282"
"KENDRICK JOINT DISTRICT","Idaho","1601680","LATAH COUNTY","16057","16","2","305 FOURTH ST","KENDRICK","ID ","83537","0283","PO BOX 283","KENDRICK","ID ","83537","0283","2082894211","1-Local school district","46.579000","-116.708400","283","Prekindergarten","12th Grade","Idaho","267"
"KIMBERLY DISTRICT","Idaho","1601710","TWIN FALLS COUNTY","16083","16","3","141 CENTER ST WEST","KIMBERLY","ID ","83341","1753","141 CENTER STREET W","KIMBERLY","ID ","83341","1753","2084234170","1-Local school district","42.533700","-114.365600","414","Prekindergarten","12th Grade","Idaho","1753"
"KOOTENAI BRIDGE ACADEMY","Idaho","1600149","KOOTENAI COUNTY","16055","16","1","637 NORTH PARK DR","COEUR D ALENE","ID ","83814","2243","637 N PARK DR","COEUR D ALENE","ID ","83814","2243","2089304515","7-Charter school agency","47.678500","-116.791900","470","9th Grade","12th Grade","Idaho","‡"
"KOOTENAI DISTRICT","Idaho","1601740","KOOTENAI COUNTY","16055","16","2","13030 EAST O'GARA RD","HARRISON","ID ","83833","7641","13030 E O'GARA RD.","HARRISON","ID ","83833","7641","2086893631","1-Local school district","47.398500","-116.670400","274","Kindergarten","12th Grade","Idaho","183"
"KTEC","Idaho","1600167","KOOTENAI COUNTY","16055","16","0","6838 WEST LANCASTER RD","RATHDRUM","ID ","83858","","6838 W. LANCASTER RD","RATHDRUM","ID ","83858","","2086613921","4-Regional education services agency","47.788100","-116.879100","641","†","†","Idaho","†"
"KUNA JOINT DISTRICT","Idaho","1601770","ADA COUNTY","16001","16","11","711 EAST PORTER RD","KUNA","ID ","83634","1484","711 E PORTER ROAD","KUNA","ID ","83634","1484","2089221000","1-Local school district","43.498000","-116.405000","003","Prekindergarten","12th Grade","Idaho","5245"
"LAKE PEND OREILLE DISTRICT","Idaho","1600002","BONNER COUNTY","16017","16","12","901 NORTH TRIANGLE DR","PONDERAY","ID ","83852","9747","901 N TRIANGLE DRIVE","PONDERAY","ID ","83852","9747","2082632184","1-Local school district","48.303400","-116.540700","084","Prekindergarten","12th Grade","Idaho","4242"
"LAKELAND DISTRICT","Idaho","1601800","KOOTENAI COUNTY","16055","16","11","15506 NORTH WASHINGTON ST","RATHDRUM","ID ","83858","0039","PO BOX 39","RATHDRUM","ID ","83858","0039","2086870431","1-Local school district","47.813600","-116.888200","272","Prekindergarten","12th Grade","Idaho","4225"
"LAPWAI DISTRICT","Idaho","1601830","NEZ PERCE COUNTY","16069","16","2","271 B ST","LAPWAI","ID ","83540","0247","PO BOX 247","LAPWAI","ID ","83540","0247","2088432622","1-Local school district","46.395800","-116.802100","341","Prekindergarten","12th Grade","Idaho","546"
"LEGACY CHARTER SCHOOL DISTRICT","Idaho","1600158","CANYON COUNTY","16027","16","1","4015 SOUTH LEGACY WAY","NAMPA","ID ","83686","5801","4015 S LEGACY WAY","NAMPA","ID ","83686","5801","2084670947","7-Charter school agency","43.557200","-116.570000","478","Kindergarten","8th Grade","Idaho","289"
"LEWISTON INDEPENDENT DISTRICT","Idaho","1601860","NEZ PERCE COUNTY","16069","16","11","3317 12TH ST","LEWISTON","ID ","83501","5308","3317 12TH STREET","LEWISTON","ID ","83501","5308","2087483000","1-Local school district","46.383000","-116.969600","340","Prekindergarten","12th Grade","Idaho","5107"
"LIBERTY CHARTER","Idaho","1600012","CANYON COUNTY","16027","16","1","9955 KRIS JENSEN LN","NAMPA","ID ","83686","8843","9955 KRIS JENSEN LANE","NAMPA","ID ","83686","8843","2084667952","7-Charter school agency","43.516300","-116.559100","458","Prekindergarten","12th Grade","Idaho","437"
"MACKAY JOINT DISTRICT","Idaho","1601900","CUSTER COUNTY","16037","16","2","400 EAST SPRUCE ST","MACKAY","ID ","83251","0390","PO BOX 390","MACKAY","ID ","83251","0390","2085882896","1-Local school district","43.908700","-113.608000","182","Prekindergarten","12th Grade","Idaho","179"
"MADISON DISTRICT","Idaho","1601920","MADISON COUNTY","16065","16","10","60 WEST MAIN","REXBURG","ID ","83440","0830","PO BOX 830","REXBURG","ID ","83440","0830","2083593300","1-Local school district","43.826300","-111.785800","321","Prekindergarten","12th Grade","Idaho","5398"
"MARSH VALLEY JOINT DISTRICT","Idaho","1601950","BANNOCK COUNTY","16005","16","6","40 SCHOOL ST","ARIMO","ID ","83214","0180","PO BOX 180","ARIMO","ID ","83214","0180","2082543306","1-Local school district","42.560000","-112.172700","021","Prekindergarten","12th Grade","Idaho","1297"
"MARSING JOINT DISTRICT","Idaho","1601980","OWYHEE COUNTY","16073","16","3","209 EIGHTH AVE WEST","MARSING","ID ","83639","0340","PO BOX 340","MARSING","ID ","83639","0340","2088964111","1-Local school district","43.543100","-116.812200","363","Prekindergarten","12th Grade","Idaho","883"
"MC CALL-DONNELLY DISTRICT","Idaho","1602030","VALLEY COUNTY","16085","16","4","120 IDAHO ST","MCCALL","ID ","83638","3826","120 IDAHO STREET","MCCALL","ID ","83638","3826","2086342161","1-Local school district","44.906500","-116.103900","421","Prekindergarten","12th Grade","Idaho","1039"
"MEADOWS VALLEY DISTRICT","Idaho","1602060","ADAMS COUNTY","16003","16","1","550 NORTH MILLER AVE","NEW MEADOWS","ID ","83654","0905","PO DRAWER F","NEW MEADOWS","ID ","83654","0905","2083472118","1-Local school district","44.967200","-116.285500","011","Prekindergarten","12th Grade","Idaho","170"
"MELBA JOINT DISTRICT","Idaho","1602070","CANYON COUNTY","16027","16","2","520 BROADWAY AVE","MELBA","ID ","83641","0185","PO BOX 185","MELBA","ID ","83641","0185","2084951141","1-Local school district","43.377800","-116.531000","136","Prekindergarten","12th Grade","Idaho","817"
"MERIDIAN JOINT DISTRICT","Idaho","1602100","ADA COUNTY","16001","16","55","1303 EAST CENTRAL DR","MERIDIAN","ID ","83642","7991","1303 E CENTRAL DRIVE","MERIDIAN","ID ","83642","7991","2088554500","1-Local school district","43.595200","-116.378400","002","Prekindergarten","12th Grade","Idaho","38006"
"MIDDLETON DISTRICT","Idaho","1602130","CANYON COUNTY","16027","16","6","FIVE SOUTH THIRD AVE WEST","MIDDLETON","ID ","83644","5563","FIVE S THIRD AVENUE W","MIDDLETON","ID ","83644","5563","2085853027","1-Local school district","43.706400","-116.626800","134","Prekindergarten","12th Grade","Idaho","3776"
"MIDVALE DISTRICT","Idaho","1602160","WASHINGTON COUNTY","16087","16","1","56 NORTH SCHOOL RD","MIDVALE","ID ","83645","0130","PO BOX 130","MIDVALE","ID ","83645","0130","2083552234","1-Local school district","44.469000","-116.729700","433","Prekindergarten","12th Grade","Idaho","135"
"MINIDOKA COUNTY JOINT DISTRICT","Idaho","1602190","MINIDOKA COUNTY","16067","16","11","310 10TH ST","RUPERT","ID ","83350","1610","310 10TH STREET","RUPERT","ID ","83350","1610","2084364727","1-Local school district","42.621800","-113.671000","331","Prekindergarten","12th Grade","Idaho","4415"
"MONTICELLO MONTESSORI CHARTER SCHOOL","Idaho","1600154","BONNEVILLE COUNTY","16019","16","1","4707 SOUTH SWEETWATER WAY","AMMON","ID ","83406","8034","4707 S SWEETWATER WAY","AMMON","ID ","83406","8034","2084190742","7-Charter school agency","43.455100","-111.958000","474","Prekindergarten","6th Grade","Idaho","236"
"MOSCOW DISTRICT","Idaho","1602220","LATAH COUNTY","16057","16","8","650 NORTH CLEVELAND","MOSCOW","ID ","83843","3659","650 N CLEVELAND","MOSCOW","ID ","83843","3659","2088821120","1-Local school district","46.740100","-116.983100","281","Prekindergarten","12th Grade","Idaho","2558"
"MOUNTAIN HOME DISTRICT","Idaho","1602250","ELMORE COUNTY","16039","16","9","470 NORTH 3RD EAST","MOUNTAIN HOME","ID ","83647","1390","PO BOX 1390","MOUNTAIN HOME","ID ","83647","1390","2085872580","1-Local school district","43.134700","-115.694600","193","Prekindergarten","12th Grade","Idaho","4124"
"MOUNTAIN VIEW SCHOOL DISTRICT","Idaho","1600139","IDAHO COUNTY","16049","16","5","714 JEFFERSON ST","GRANGEVILLE","ID ","83530","1545","714 JEFFERSON STREET","GRANGEVILLE","ID ","83530","1545","2089830990","1-Local school district","45.918700","-116.129500","244","Prekindergarten","12th Grade","Idaho","1216"
"MULLAN DISTRICT","Idaho","1602280","SHOSHONE COUNTY","16079","16","2","345 PARK ST","MULLAN","ID ","83846","0071","345 PARK STREET","MULLAN","ID ","83846","0071","2087441118","1-Local school district","47.469000","-115.798100","392","Prekindergarten","12th Grade","Idaho","109"
"MURTAUGH JOINT DISTRICT","Idaho","1602310","TWIN FALLS COUNTY","16083","16","1","500 WEST BOYD ST","MURTAUGH","ID ","83344","0117","PO BOX 117","MURTAUGH","ID ","83344","0117","2084325451","1-Local school district","42.492600","-114.167200","418","Prekindergarten","12th Grade","Idaho","249"
"NAMPA SCHOOL DISTRICT","Idaho","1602340","CANYON COUNTY","16027","16","26","619 SOUTH CANYON ST","NAMPA","ID ","83686","6634","619 S CANYON STREET","NAMPA","ID ","83686","6634","2084684600","1-Local school district","43.563300","-116.578000","131","Prekindergarten","12th Grade","Idaho","16241"
"NEW PLYMOUTH DISTRICT","Idaho","1602370","PAYETTE COUNTY","16075","16","3","103 SOUTHEAST AVE","NEW PLYMOUTH","ID ","83655","3009","103 SOUTHEAST AVENUE","NEW PLYMOUTH","ID ","83655","3009","2082785740","1-Local school district","43.970200","-116.819800","372","Prekindergarten","12th Grade","Idaho","1029"
"NEZPERCE JOINT DISTRICT","Idaho","1602400","LEWIS COUNTY","16061","16","1","615 SECOND AVE","NEZPERCE","ID ","83543","0279","PO BOX 279","NEZPERCE","ID ","83543","0279","2089372551","1-Local school district","46.237100","-116.241700","302","Prekindergarten","12th Grade","Idaho","130"
"NORTH GEM DISTRICT","Idaho","1602430","CARIBOU COUNTY","16029","16","2","360 SOUTH MAIN ST","BANCROFT","ID ","83217","0070","PO BOX 70","BANCROFT","ID ","83217","0070","2086487848","1-Local school district","42.717300","-111.887500","149","Prekindergarten","12th Grade","Idaho","202"
"NORTH IDAHO STEM CHARTER ACADEMY DISTRICT","Idaho","1600160","KOOTENAI COUNTY","16055","16","1","15633 NORTH MEYER RD","RATHDRUM","ID ","83858","0434","PO BOX 434","RATHDRUM","ID ","83858","0434","2086878002","7-Charter school agency","47.812900","-116.872400","480","Kindergarten","8th Grade","Idaho","303"
"NORTH VALLEY ACADEMY","Idaho","1600143","GOODING COUNTY","16047","16","1","906 MAIN ST","GOODING","ID ","83330","1625","906 MAIN STREET","GOODING","ID ","83330","1625","2089344567","7-Charter school agency","42.936300","-114.712800","465","Prekindergarten","12th Grade","Idaho","246"
"NOTUS DISTRICT","Idaho","1602460","CANYON COUNTY","16027","16","2","20250 PURPLE SAGE RD","NOTUS","ID ","83656","0256","PO BOX 256","NOTUS","ID ","83656","0256","2084597442","1-Local school district","43.735400","-116.797000","135","Prekindergarten","12th Grade","Idaho","393"
"ODYSSEY CHARTER DISTRICT","Idaho","1600164","BONNEVILLE COUNTY","16019","16","1","3890 TAYLORVIEW LN","AMMON","ID ","83406","8145","3890 TAYLORVIEW LANE","AMMON","ID ","83406","8145","2085573627","7-Charter school agency","43.460600","-111.976300","484","6th Grade","10th Grade","Idaho","183"
"ONEIDA COUNTY DISTRICT","Idaho","1602490","ONEIDA COUNTY","16071","16","5","25 EAST 50 SOUTH","MALAD CITY","ID ","83252","1374","25 E 50 S","MALAD CITY","ID ","83252","1374","2087664701","1-Local school district","42.184800","-112.243600","351","Prekindergarten","12th Grade","Idaho","923"
"OROFINO JOINT DISTRICT","Idaho","1602520","CLEARWATER COUNTY","16035","16","6","1051 MICHIGAN","OROFINO","ID ","83544","2259","PO BOX 2259","OROFINO","ID ","83544","2259","2084765593","1-Local school district","46.483100","-116.243900","171","Prekindergarten","12th Grade","Idaho","1023"
"PALOUSE PRAIRIE CHARTER","Idaho","1600151","LATAH COUNTY","16057","16","1","1500 LEVICK ST","MOSCOW","ID ","83843","0120","PO BOX 9511","MOSCOW","ID ","83843","0120","2088823684","7-Charter school agency","46.721300","-117.001800","472","Prekindergarten","8th Grade","Idaho","174"
"PARMA DISTRICT","Idaho","1602550","CANYON COUNTY","16027","16","3","805 EAST MCCONNELL","PARMA","ID ","83660","5611","805 E MCCONNELL","PARMA","ID ","83660","5611","2087225115","1-Local school district","43.788700","-116.937000","137","Prekindergarten","12th Grade","Idaho","1081"
"PAYETTE JOINT DISTRICT","Idaho","1602580","PAYETTE COUNTY","16075","16","5","20 NORTH 12TH ST","PAYETTE","ID ","83661","2603","20 N 12TH STREET","PAYETTE","ID ","83661","2603","2086429366","1-Local school district","44.075100","-116.928900","371","Prekindergarten","12th Grade","Idaho","1636"
"PLUMMER-WORLEY JOINT DISTRICT","Idaho","1600815","BENEWAH COUNTY","16009","16","3","1255 EAST ST","PLUMMER","ID ","83851","0130","PO BOX 130","PLUMMER","ID ","83851","0130","2086861621","1-Local school district","47.333000","-116.890800","044","Prekindergarten","12th Grade","Idaho","391"
"POCATELLO DISTRICT","Idaho","1602640","BANNOCK COUNTY","16005","16","25","3115 POLE LINE RD","POCATELLO","ID ","83201","6119","3115 POLE LINE ROAD","POCATELLO","ID ","83201","6119","2082323563","1-Local school district","42.890800","-112.466300","025","Prekindergarten","12th Grade","Idaho","12608"
"POST FALLS DISTRICT","Idaho","1602670","KOOTENAI COUNTY","16055","16","10","206 WEST MULLAN AVE","POST FALLS","ID ","83877","0040","PO BOX 40","POST FALLS","ID ","83877","0040","2087731658","1-Local school district","47.716100","-116.951000","273","Prekindergarten","12th Grade","Idaho","5914"
"POTLATCH DISTRICT","Idaho","1602700","LATAH COUNTY","16057","16","2","635 PINE ST","POTLATCH","ID ","83855","8757","130 SIXTH STREET","POTLATCH","ID ","83855","8757","2088750327","1-Local school district","46.922000","-116.900500","285","Prekindergarten","12th Grade","Idaho","464"
"PRAIRIE ELEMENTARY DISTRICT","Idaho","1602730","ELMORE COUNTY","16039","16","1","73 SMITH CREEK RD","PRAIRIE","ID ","83647","9401","1969 PRAIRIE ROAD","PRAIRIE","ID ","83647","9401","2088683243","1-Local school district","43.502100","-115.573700","191","Kindergarten","8th Grade","Idaho","9"
"PRESTON JOINT DISTRICT","Idaho","1600960","FRANKLIN COUNTY","16041","16","5","120 EAST SECOND SOUTH ST","PRESTON","ID ","83263","1527","120 E SECOND S STREET","PRESTON","ID ","83263","1527","2088520283","1-Local school district","42.092000","-111.873400","201","Prekindergarten","12th Grade","Idaho","2602"
"RICHARD MCKENNA CHARTER HIGH SCHOOL","Idaho","1600005","ELMORE COUNTY","16039","16","2","675 SOUTH HASKETT ST","MOUNTAIN HOME","ID ","83647","3375","675 S HASKETT STREET","MOUNTAIN HOME","ID ","83647","3375","2085802449","7-Charter school agency","43.125800","-115.702400","453","9th Grade","12th Grade","Idaho","409"
"RICHFIELD DISTRICT","Idaho","1602760","LINCOLN COUNTY","16063","16","1","555 NORTH TIGER DR","RICHFIELD","ID ","83349","5517","555 N TIGER DRIVE","RICHFIELD","ID ","83349","5517","2084872241","1-Local school district","43.053500","-114.156700","316","Prekindergarten","12th Grade","Idaho","207"
"RIRIE JOINT DISTRICT","Idaho","1602790","JEFFERSON COUNTY","16051","16","2","455 MAIN ST","RIRIE","ID ","83443","0508","PO BOX 508","RIRIE","ID ","83443","0508","2085387482","1-Local school district","43.631300","-111.773500","252","Prekindergarten","12th Grade","Idaho","715"
"ROCKLAND DISTRICT","Idaho","1602820","POWER COUNTY","16077","16","1","321 EAST CENTER ST","ROCKLAND","ID ","83271","0119","PO BOX 119","ROCKLAND","ID ","83271","0119","2085482231","1-Local school district","42.573700","-112.879800","382","Prekindergarten","12th Grade","Idaho","188"
"ROLLING HILLS CHARTER SCHOOL","Idaho","1600006","ADA COUNTY","16001","16","1","8900 HORSESHOE BEND RD","BOISE","ID ","83714","3859","8900 HORSESHOE BEND ROAD","BOISE","ID ","83714","3859","2089395400","7-Charter school agency","43.689500","-116.312000","454","Prekindergarten","8th Grade","Idaho","260"
"SAGE INTERNATIONAL SCHOOL OF BOISE","Idaho","1600156","ADA COUNTY","16001","16","1","457 EAST PARKCENTER BLVD","BOISE","ID ","83706","6501","457 E PARKCENTER BOULEVARD","BOISE","ID ","83706","6501","2083437243","7-Charter school agency","43.594800","-116.178000","475","Kindergarten","12th Grade","Idaho","530"
"SALMON DISTRICT","Idaho","1602850","LEMHI COUNTY","16059","16","4","907 SHARKEY ST","SALMON","ID ","83467","0790","907 SHARKEY STREET","SALMON","ID ","83467","0790","2087564271","1-Local school district","45.171200","-113.890500","291","Prekindergarten","12th Grade","Idaho","911"
"SALMON RIVER JOINT SCHOOL DIST","Idaho","1600138","IDAHO COUNTY","16049","16","2","133 NORTH MAIN ST","RIGGINS","ID ","83549","0050","PO BOX 50","RIGGINS","ID ","83549","0050","2086283143","1-Local school district","45.422500","-116.314700","243","Prekindergarten","12th Grade","Idaho","140"
"SHELLEY JOINT DISTRICT","Idaho","1602910","BINGHAM COUNTY","16011","16","5","545 SEMINARY AVE","SHELLEY","ID ","83274","1461","545 SEMINARY AVENUE","SHELLEY","ID ","83274","1461","2083573411","1-Local school district","43.373700","-112.122200","060","Prekindergarten","12th Grade","Idaho","2181"
"SHOSHONE JOINT DISTRICT","Idaho","1602940","LINCOLN COUNTY","16063","16","4","61 EAST HWY 24","SHOSHONE","ID ","83352","5338","61 E HIGHWAY 24","SHOSHONE","ID ","83352","5338","2088862381","1-Local school district","42.929300","-114.408900","312","Prekindergarten","12th Grade","Idaho","535"
"SNAKE RIVER DISTRICT","Idaho","1602970","BINGHAM COUNTY","16011","16","6","103 SOUTH 900 WEST","BLACKFOOT","ID ","83221","6065","103 S 900 W","BLACKFOOT","ID ","83221","6065","2086843001","1-Local school district","43.182000","-112.474800","052","Prekindergarten","12th Grade","Idaho","1755"
"SODA SPRINGS JOINT DISTRICT","Idaho","1603000","CARIBOU COUNTY","16029","16","3","250 EAST SECOND SOUTH","SODA SPRINGS","ID ","83276","1683","250 E SECOND S","SODA SPRINGS","ID ","83276","1683","2085473371","1-Local school district","42.653200","-111.610200","150","Prekindergarten","12th Grade","Idaho","864"
"SOUTH LEMHI DISTRICT","Idaho","1603030","LEMHI COUNTY","16059","16","2","111 SOUTH THIRD ST","LEADORE","ID ","83464","0119","PO BOX 119","LEADORE","ID ","83464","0119","2087682441","1-Local school district","44.678300","-113.360800","292","Prekindergarten","12th Grade","Idaho","79"
"ST MARIES JOINT DISTRICT","Idaho","1603060","BENEWAH COUNTY","16009","16","5","240 SOUTH 11TH ST","ST. MARIES","ID ","83861","1849","PO BOX 384","ST. MARIES","ID ","83861","1849","2082452579","1-Local school district","47.314900","-116.570900","041","Prekindergarten","12th Grade","Idaho","951"
"SUGAR-SALEM JOINT DISTRICT","Idaho","1603090","MADISON COUNTY","16065","16","5","105 WEST CENTER ST","SUGAR CITY","ID ","83448","0150","PO BOX 150","SUGAR CITY","ID ","83448","0150","2083568802","1-Local school district","43.872800","-111.749900","322","Prekindergarten","12th Grade","Idaho","1582"
"SWAN VALLEY ELEMENTARY DIST","Idaho","1603120","BONNEVILLE COUNTY","16019","16","1","3389 HWY 26","IRWIN","ID ","83428","0220","PO BOX 220","IRWIN","ID ","83428","0220","2084832405","1-Local school district","43.405800","-111.293200","092","Prekindergarten","8th Grade","Idaho","59"
"SYRINGA MOUNTAIN CHARTER DISTRICT","Idaho","1600166","BLAINE COUNTY","16013","16","0","P.O. BOX 3531","HAILEY","ID ","83333","","P.O. BOX 3531","HAILEY","ID ","83333","","2087206327","7-Charter school agency","43.520600","-114.305100","488","†","†","Idaho","†"
"TAYLORS CROSSING CHARTER SCHOO","Idaho","1600015","BONNEVILLE COUNTY","16019","16","1","1445 NORTH WOOD RIVER DR","IDAHO FALLS","ID ","83401","5095","1445 N WOOD RIVER DRIVE","IDAHO FALLS","ID ","83401","5095","2085520397","7-Charter school agency","43.507800","-111.938100","461","Prekindergarten","12th Grade","Idaho","415"
"TETON COUNTY DISTRICT","Idaho","1603180","TETON COUNTY","16081","16","6","445 NORTH MAIN","DRIGGS","ID ","83422","0775","PO BOX 775","DRIGGS","ID ","83422","0775","2083542207","1-Local school district","43.729100","-111.110400","401","Prekindergarten","12th Grade","Idaho","1764"
"THE ACADEMY [ARC]","Idaho","1600014","BANNOCK COUNTY","16005","16","1","240 EAST MAPLE","POCATELLO","ID ","83201","4647","240 E MAPLE STREET","POCATELLO","ID ","83201","4647","2082321447","7-Charter school agency","42.881100","-112.449600","460","Prekindergarten","8th Grade","Idaho","282"
"THE VILLAGE CHARTER SCHOOL DISTRICT","Idaho","1600157","ADA COUNTY","16001","16","1","219 NORTH ROOSEVELT","BOISE","ID ","83706","1850","219 N ROOSEVELT","BOISE","ID ","83706","1850","2083362000","7-Charter school agency","43.606800","-116.234200","473","Prekindergarten","8th Grade","Idaho","278"
"THREE CREEK JT ELEM DISTRICT","Idaho","1603210","TWIN FALLS COUNTY","16083","16","1","49913 THREE CREEK RD","ROGERSON","ID ","83302","0127","49913 THREE CREEK ROAD","ROGERSON","ID ","83302","0127","2088572281","1-Local school district","42.190200","-114.894200","416","Prekindergarten","8th Grade","Idaho","9"
"TROY SCHOOL DISTRICT","Idaho","1600009","LATAH COUNTY","16057","16","2","102 WEST FIFTH ST","TROY","ID ","83871","0280","PO BOX 280","TROY","ID ","83871","0280","2088353791","1-Local school district","46.735100","-116.767200","287","Prekindergarten","12th Grade","Idaho","310"
"TWIN FALLS DISTRICT","Idaho","1603240","TWIN FALLS COUNTY","16083","16","13","201 MAIN AVE WEST","TWIN FALLS","ID ","83301","6103","201 MAIN AVENUE W","TWIN FALLS","ID ","83301","6103","2087336900","1-Local school district","42.559600","-114.475300","411","Prekindergarten","12th Grade","Idaho","9092"
"UPPER CARMEN PUBLIC CHARTER DISTRICT","Idaho","1600170","LEMHI COUNTY","16059","16","0","12 ETHEL'S WAY","CARMEN","ID ","83462","","PO BOX 33","CARMEN","ID ","83462","","2087564580","7-Charter school agency","45.242400","-113.893200","486","†","†","Idaho","†"
"VALLEY DISTRICT","Idaho","1603270","JEROME COUNTY","16053","16","1","882 VALLEY RD SOUTH","HAZELTON","ID ","83335","5050","882 VALLEY ROAD S","HAZELTON","ID ","83335","5050","2088295333","1-Local school district","42.592100","-114.171200","262","Prekindergarten","12th Grade","Idaho","626"
"VALLIVUE SCHOOL DISTRICT","Idaho","1600600","CANYON COUNTY","16027","16","13","5207 SOUTH MONTANA AVE","CALDWELL","ID ","83607","1583","5207 S MONTANA AVENUE","CALDWELL","ID ","83607","1583","2084540445","1-Local school district","43.623400","-116.680400","139","Prekindergarten","12th Grade","Idaho","8273"
"VICTORY CHARTER SCHOOL","Idaho","1600003","CANYON COUNTY","16027","16","1","9779 KRIS JENSEN LN","NAMPA","ID ","83686","8843","9779 KRIS JENSEN LANE","NAMPA","ID ","83686","8843","2084429400","7-Charter school agency","43.514500","-116.559200","451","Prekindergarten","12th Grade","Idaho","422"
"VISION CHARTER SCHOOL","Idaho","1600141","CANYON COUNTY","16027","16","1","19291 WARD RD","CALDWELL","ID ","83605","8088","19291 WARD ROAD","CALDWELL","ID ","83605","8088","2084559220","7-Charter school agency","43.652400","-116.625900","463","Kindergarten","12th Grade","Idaho","671"
"WALLACE DISTRICT","Idaho","1603300","SHOSHONE COUNTY","16079","16","2","405 SEVENTH ST","WALLACE","ID ","83873","2358","405 SEVENTH STREET","WALLACE","ID ","83873","2358","2087534515","1-Local school district","47.496400","-115.960400","393","Prekindergarten","12th Grade","Idaho","519"
"WEISER DISTRICT","Idaho","1603330","WASHINGTON COUNTY","16087","16","5","925 PIONEER RD","WEISER","ID ","83672","1146","925 PIONEER ROAD","WEISER","ID ","83672","1146","2084140616","1-Local school district","44.252800","-116.984000","431","Prekindergarten","12th Grade","Idaho","1615"
"WENDELL DISTRICT","Idaho","1603360","GOODING COUNTY","16047","16","3","150 EAST MAIN ST","WENDELL","ID ","83355","0300","PO BOX 300","WENDELL","ID ","83355","0300","2085362418","1-Local school district","42.775700","-114.702900","232","Prekindergarten","12th Grade","Idaho","1193"
"WEST BONNER COUNTY DISTRICT","Idaho","1600001","BONNER COUNTY","16017","16","5","134 MAIN ST","PRIEST RIVER","ID ","83856","8501","134 MAIN STREET","PRIEST RIVER","ID ","83856","8501","2084484439","1-Local school district","48.180200","-116.907400","083","Prekindergarten","12th Grade","Idaho","1257"
"WEST JEFFERSON DISTRICT","Idaho","1603400","JEFFERSON COUNTY","16051","16","4","1256 EAST 1500 NORTH","TERRETON","ID ","83450","5136","1256 E 1500 N","TERRETON","ID ","83450","5136","2086634542","1-Local school district","43.840800","-112.444500","253","Kindergarten","12th Grade","Idaho","643"
"WEST SIDE JOINT DISTRICT","Idaho","1603420","FRANKLIN COUNTY","16041","16","3","626 NORTH WEST SIDE HWY","DAYTON","ID ","83232","0039","PO BOX 39","DAYTON","ID ","83232","0039","2087473502","1-Local school district","42.109300","-111.993300","202","Prekindergarten","12th Grade","Idaho","651"
"WHITE PINE CHARTER SCHOOL","Idaho","1600142","BONNEVILLE COUNTY","16019","16","1","2959 EAST JOHN ADAMS PARKWAY","AMMON","ID ","83406","2825","2959 EAST JOHN ADAMS PARKWAY","AMMON","ID ","83406","2825","2085224432","7-Charter school agency","43.491900","-111.974800","464","Prekindergarten","8th Grade","Idaho","462"
"WHITEPINE JT SCHOOL DISTRICT","Idaho","1600010","LATAH COUNTY","16057","16","3","502 FIRST AVE","DEARY","ID ","83823","0280","PO BOX 249","DEARY","ID ","83823","0280","2088771408","1-Local school district","46.798200","-116.558700","288","Prekindergarten","12th Grade","Idaho","1045"
"WILDER DISTRICT","Idaho","1603480","CANYON COUNTY","16027","16","2","210 A AVE EAST","WILDER","ID ","83676","0488","210 A AVENUE EAST","WILDER","ID ","83676","0488","2084826228","1-Local school district","43.678300","-116.904200","133","Prekindergarten","12th Grade","Idaho","446"
"WINGS CHARTER MIDDLE SCHOOL","Idaho","1600146","TWIN FALLS COUNTY","16083","16","1","771 NORTH COLLEGE RD","TWIN FALLS","ID ","83301","8330","771 N COLLEGE ROAD","TWIN FALLS","ID ","83301","8330","2087342902","7-Charter school agency","42.584900","-114.461100","467","6th Grade","8th Grade","Idaho","86"
"XAVIER CHARTER SCHOOL","Idaho","1600140","TWIN FALLS COUNTY","16083","16","1","1218 NORTH COLLEGE RD WEST","TWIN FALLS","ID ","83301","5651","1218 N COLLEGE ROAD W","TWIN FALLS","ID ","83301","5651","2087343947","7-Charter school agency","42.584400","-114.457400","462","Prekindergarten","12th Grade","Idaho","645"
